,id,indicator_code,spatial_dim,time_dim,dim1_type,dim1,dim2_type,dim2,dim3_type,dim3,value,numeric_value,low,high,comments
17356,768731,CHOL_04,VEN,1994.0,SEX,MLE,AGEGROUP,AGE25-PLUS,,,4.7 [4.3-5.0],4.7,4.3,5.0,
705082,17062072,NCD_GLUC_03,JPN,2003.0,SEX,BTSX,AGEGROUP,YEARS18-PLUS,,,9.0 [7.6-10.4],9.0,7.6,10.4,
5917331,22681802,Adult_svy_national,ROU,2018.0,,,,,,,National,,,,
5107450,24844290,LIFE_0000000030,LBR,2015.0,SEX,BTSX,AGEGROUP,AGE65-69,,,0.158934536,0.15893,0.158934536,0.158934536,
4182550,20208750,MORT_300,DMA,2012.0,AGEGROUP,MONTHS1-59,CHILDCAUSE,CH10,,,0.0,0.0,0.0,0.0,
3454412,9690645,NTD_8,MRT,2009.0,,,,,,,20504.0,20504.0,20504.0,20504.0,
3667068,12365165,MORT_500,WBDCP_LAC,2012.0,SEX,FMLE,AGEGROUP,YEARS70PLUS,GHECAUSES,GHE129,145.0,145.0,145.0,145.0,
4506359,20532559,MORT_100,YEM,2008.0,AGEGROUP,MONTHS1-59,CHILDCAUSE,CH9,,,7474.0,7474.407,7474.0,7474.0,
448593,16501161,NCD_BMI_PLUS1C,BLZ,1995.0,SEX,FMLE,AGEGROUP,YEARS05-19,,,16.2 [9.6-24.8],16.2,9.6,24.8,
1060620,23801517,anc1,LAOMICS201712,2017.0,,,,,,,75.9 [65.8-83.7],76.0,66.0,84.0,
2344630,6512815,GHE_YLDNUM,WBINC_UMINC,2012.0,SEX,FMLE,AGEGROUP,DAYS0-27,GHECAUSES,GHE096,0.0,0.0,0.0,0.0,
914300,22762972,NCD_GLUC_01,NIC,1983.0,SEX,FMLE,,,,,4.61 [3.51-5.69],4.60898,3.51481,5.6861,
3366568,8184344,WHS2_131,ZAF,2012.0,SEX,BTSX,GHECAUSES,GHE053,,,4.4,4.41703,4.4,4.4,
4871500,24560916,WHS3_53,BOL,2019.0,,,,,,,13.0,13.0,13.0,13.0,
5366143,25212461,GHED_PVT-D_pc_PPP_SHA2011,HUN,2014.0,,,,,,,601.8,601.8,601.8,601.8,
3759491,14512043,WHS7_104,RUS,2007.0,,,,,,,314.5,314.5001,314.5,314.5,
4669910,22348353,AMRGLASS_QA05,AFR,2017.0,AMRGLASSCATEGORY,AMRGLASS_ASTSTANDARDS01,,,,,13.0,12.76596,13.0,13.0,
2410656,6593846,GHE_YLDNUM,REG7_EMR,2000.0,SEX,MLE,AGEGROUP,YEARS70+,GHECAUSES,GHE113,49956.0,49956.0,49956.0,49956.0,
5342626,25188440,GHED_GGHE-D_pc_US_SHA2011,PAN,2010.0,,,,,,,379.08,379.08,379.08,379.08,
3507399,12195384,MORT_500,MDG_SEA,2000.0,SEX,MLE,AGEGROUP,MONTHS1-59,GHECAUSES,GHE034,155.0,155.0,155.0,155.0,
1233989,24118811,u5mr,TJK,2012.0,WEALTHDECILE,WEALTHDECILE10,,,,,35.7 [24.4-51.9],35.66844,24.39448,51.87563,
1535229,212422,NTD_3,TKM,2000.0,,,,,,,0.0,0.0,0.0,0.0,
1445538,24403529,TB_e_mort_exc_tbhiv_num,VCT,2003.0,,,,,,,6 [6-6],6.0,6.0,6.0,
3129633,7446521,GHE_DALYRATE,WBDCP_MIDEASTNAF,2000.0,SEX,MLE,AGEGROUP,AGEAll,GHECAUSES,GHE074,63.8,63.8,63.8,63.8,
6201032,24100428,overwgt5,PHL,1993.0,WEALTHDECILE,WEALTHDECILE08,,,,,No data,,,,Not available.
2995791,7213528,GHE_YLLRATE,REG7_AFR,2000.0,SEX,MLE,AGEGROUP,YEARS05-14,GHECAUSES,GHE024,0.0,0.0,0.0,0.0,
4895246,24584662,WHS3_55,GLOBAL,2012.0,,,,,,,302.0,302.0,302.0,302.0,
4925219,24619252,WHOSIS_000007,MAR,2015.0,SEX,BTSX,,,,,14.1,14.06547,14.1,14.1,
3904539,18146998,SDG_SH_DTH_RNCOM,ERI,2015.0,SEX,FMLE,GHECAUSES,GHE118,,,407.0,407.0,407.0,407.0,"Global Health Estimates 2016: Deaths by Cause, Age, Sex, by Country and by Region, 2000-2016. Geneva, World Health Organization, 2018"
5105022,24841862,LIFE_0000000032,LBY,2000.0,SEX,FMLE,AGEGROUP,AGE85PLUS,,,38240.70486,38240.70486,38240.70486,38240.70486,
3536332,12226845,MORT_500,REG7_AHIGH,2000.0,SEX,MLE,AGEGROUP,DAYS0-27,GHECAUSES,GHE059,2.0,2.0,2.0,2.0,
860304,21459765,MDG_0000000026,SOM,2005.0,,,,,,,1 040 [ 549 - 1 830 ],1040.0,549.0,1830.0,
3271380,8086686,WHS2_131,BWA,2012.0,SEX,BTSX,GHECAUSES,GHE017,,,4.4,4.36972,4.4,4.4,
2614525,6819571,GHE_YLDRATE,REG6_EMR,2000.0,SEX,MLE,AGEGROUP,AGEAll,GHECAUSES,GHE125,320.1,320.10001,320.1,320.1,
5330964,25175445,GHED_EXT_pc_US_SHA2011,BHS,2004.0,,,,,,,6.27,6.27,6.27,6.27,
2428255,6613590,GHE_YLDNUM,REG6_AFR,2012.0,SEX,MLE,AGEGROUP,YEARS60-69,GHECAUSES,GHE041,18501.0,18501.0,18501.0,18501.0,
4023267,19744294,WSH_10_WAT,ZMB,2016.0,SEX,BTSX,AGEGROUP,YEARSALL,,,3127.0,3127.45905,3127.0,3127.0,
2976278,7193795,GHE_YLLRATE,REG6_AMR,2012.0,SEX,FMLE,AGEGROUP,YEARS50-69,GHECAUSES,GHE041,1.1,1.11743,1.1,1.1,
1401665,24322973,MDG_0000000007,SWZ,2012.0,SEX,BTSX,,,,,71,70.96467,57.98415,87.05379,
3832024,17935066,MORT_300,WBINC_LMINC,2003.0,SEX,BTSX,AGEGROUP,YEARS0-4,CHILDCAUSE,CH7,2.7,2.70463,2.7,2.7,
1593966,987719,SA_0000001425,TGO,2004.0,SEX,BTSX,,,,,938.0,938.0,938.0,938.0,
3007966,7226244,GHE_YLLRATE,REG7_EMR,2012.0,SEX,MLE,AGEGROUP,YEARS70+,GHECAUSES,GHE106,0.0,0.0,0.0,0.0,
1602406,1123242,HRH_09,MNG,2002.0,,,,,,,78.0,78.0,78.0,78.0,
4892814,24582230,WHS3_57,MKD,1999.0,,,,,,,120.0,120.0,120.0,120.0,
1779680,2803096,MORT_600,REG7_EMR,2015.0,SEX,MLE,AGEGROUP,YEARS15-29,GHECAUSES,GHE090,0.0,0.0,0.0,0.0,
5250948,24987788,LIFE_0000000030,BRA,2005.0,SEX,FMLE,AGEGROUP,AGE20-24,,,0.002772147,0.00277,0.002772147,0.002772147,
3077153,7394041,GHE_DALYRATE,MDG_SOA,2000.0,SEX,MLE,AGEGROUP,YEARS60-69,GHECAUSES,GHE050,44.4,44.4,44.4,44.4,
4406398,20432598,MORT_300,ROU,2007.0,AGEGROUP,MONTHS1-59,CHILDCAUSE,CH3,,,0.0,0.01817,0.0,0.0,
2028223,5818089,MORT_400,MDG_SOA,2012.0,SEX,MLE,AGEGROUP,YEARS15-29,GHECAUSES,GHE029,0.0,0.0,0.0,0.0,
40361,791736,NCD_GLUC_02,CZE,1982.0,SEX,MLE,AGEGROUP,AGE25-PLUS,,,5.4 [4.9-5.9],5.4,4.9,5.9,
5011900,24748740,LIFE_0000000031,SEN,2019.0,SEX,FMLE,AGEGROUP,AGE70-74,,,64206.21018,64206.21018,64206.21018,64206.21018,
4561540,21164327,WSH_SANITATION_BASIC,THA,2008.0,RESIDENCEAREATYPE,RUR,,,,,96.0,95.7764,96.0,96.0,
5202592,24939432,LIFE_0000000029,DNK,2005.0,SEX,BTSX,AGEGROUP,AGE15-19,,,0.000356861,0.00036,0.000356861,0.000356861,
2820822,7035615,GHE_YLLNUM,REG6_SEAR,2000.0,SEX,MLE,AGEGROUP,YEARS15-29,GHECAUSES,GHE019,486794.0,486794.0,486794.0,486794.0,
3866668,17982586,MORT_200,SDG_OCEANIAexAUSNZL,2013.0,AGEGROUP,YEARS0-4,CHILDCAUSE,CH13,,,4.1,4.12779,4.1,4.1,
1323852,24245160,CM_02,SLV,1995.0,SEX,MLE,,,,,3238,3238.0,2974.0,3533.0,
3367453,8185254,WHS2_131,ZMB,2012.0,SEX,FMLE,GHECAUSES,GHE063,,,8.6,8.62778,8.6,8.6,
3684077,12383438,MORT_500,REG7_SEAR,2012.0,SEX,FMLE,AGEGROUP,YEARS15-29,GHECAUSES,GHE074,0.0,0.0,0.0,0.0,
394135,16391389,NCD_BMI_MEANC,SOM,2011.0,SEX,FMLE,AGEGROUP,YEARS10-19,,,19.7 [17.9-21.5],19.68868,17.93637,21.46666,
4707778,22572589,W_Group,DEU,2018.0,,,,,,,5.0,5.0,5.0,5.0,
1929613,2953029,MORT_700,REG6_AMR,2015.0,SEX,FMLE,AGEGROUP,YEARS30-49,GHECAUSES,GHE154,3.0,2.85133,3.0,3.0,
4817446,24384279,TB_c_ret_tsr,DOM,2011.0,,,,,,,61.0,61.0,61.0,61.0,
4392855,20419055,MORT_200,PNG,2007.0,AGEGROUP,YEARS0-4,CHILDCAUSE,CH11,,,8.7,8.69532,8.7,8.7,
2481007,6670124,GHE_YLDNUM,REG7_EMR,2000.0,SEX,MLE,AGEGROUP,YEARS30-49,GHECAUSES,GHE076,593.0,593.0,593.0,593.0,
2695133,6909081,GHE_YLLNUM,MDG_CCA,2000.0,SEX,MLE,AGEGROUP,YEARS05-14,GHECAUSES,GHE049,0.0,0.0,0.0,0.0,
145796,16035287,NCD_BMI_30A,KAZ,1976.0,SEX,BTSX,,,,,6.9 [4.0-10.8],6.9,4.0,10.8,
1097760,23864481,fps,KEN,2003.0,WEALTHQUINTILE,WQ1,,,,,37.8 [32.6-43.4],37.84825,32.60795,43.3885,
3963100,19128998,WHS10_9,TUR,2015.0,,,,,,,10.0,9.60725,10.0,10.0,Source: GHE2016. Quality category: medium.
3454748,9775302,WHS9_93,WB_LI,2011.0,,,,,,,1600.08,1600.08,1600.08,1600.08,"Figure contains non-WHO member states. (World Development Indicators, accessed 18 December 2014)"
309238,16220812,NCD_BMI_25A,VCT,1996.0,SEX,FMLE,,,,,46.9 [40.2-53.3],46.9,40.2,53.3,
5840954,22507982,O_Cytisine_sold,TTO,2010.0,,,,,,,Data not available,,,,
3883345,18003550,HRH_21,DNK,2003.0,,,,,,,4578.0,4578.0,4578.0,4578.0,Includes Dentists</br> Data Source: Norden database
4643883,22184074,SDGMALARIA,BEN,2018.0,,,,,,,386.18,386.1824,386.18,386.18,
5012563,24749403,LIFE_0000000034,SEN,2019.0,SEX,BTSX,AGEGROUP,AGE60-64,,,1404416.888,1404416.888,1404416.888,1404416.888,
5273489,25010329,LIFE_0000000033,BHR,2010.0,SEX,FMLE,AGEGROUP,AGE55-59,,,465635.2566,465635.2566,465635.2566,465635.2566,
2471712,6660475,GHE_YLDNUM,MDG_EAS,2012.0,SEX,FMLE,AGEGROUP,YEARS05-14,GHECAUSES,GHE114,1233.0,1233.0,1233.0,1233.0,
2704454,6918402,GHE_YLLNUM,MDG_DEV,2012.0,SEX,FMLE,AGEGROUP,YEARS50-69,GHECAUSES,GHE042,1890.0,1890.0,1890.0,1890.0,
775185,17878341,ebreast5,PERDHS200820,2008.0,,,,,,,51.9 [44.2-59.6],51.92775,44.17077,59.5929,
3381360,9137122,MORT_100,SOM,2009.0,AGEGROUP,MONTHS1-59,CHILDCAUSE,CH5,,,12.0,11.56203,12.0,12.0,
4664398,22238053,MDG_0000000003,GEO,2002.0,,,,,,,32.8,32.8,32.8,32.8,Registration National Statistics
2045939,5835805,MORT_400,WBINC_LOINC,2000.0,SEX,FMLE,AGEGROUP,YEARS15-29,GHECAUSES,GHE055,12.8,12.82057,12.8,12.8,
4721362,22996820,W2_pc_front_back_B,BRN,2010.0,,,,,,,50.0,50.0,50.0,50.0,
3938582,18221155,SA_0000001400_ARCHIVED,MYS,1985.0,ALCOHOLTYPE,SA_SPIRITS,,,,,0.16,0.16,0.16,0.16,
5306746,25043586,LIFE_0000000030,WPR,2015.0,SEX,MLE,AGEGROUP,AGELT1,,,0.012100933,0.0121,0.012100933,0.012100933,
3547752,12238581,MORT_500,MDG_CCA,2000.0,SEX,FMLE,AGEGROUP,YEARS70PLUS,GHECAUSES,GHE103,0.0,0.0,0.0,0.0,
580159,16815555,NCD_BMI_MINUS2C,KEN,1975.0,SEX,BTSX,AGEGROUP,YEARS05-19,,,13.0 [4.4-24.6],13.0,4.4,24.6,
248123,16158689,NCD_BMI_MEAN,LVA,1991.0,SEX,BTSX,AGEGROUP,YEARS18-PLUS,,,25.1 [24.4-25.9],25.1,24.4,25.9,
1358200,24279508,MDG_0000000001,MCO,1988.0,SEX,MLE,,,,,7.7,7.7103,6.50109,9.12441,
1215462,24082811,sba,NPL,2011.0,WEALTHDECILE,WEALTHDECILE10,,,,,91.3 [84.5-95.2],91.25719,84.53556,95.22237,
3897099,18136393,NCDMORT3070,RWA,2016.0,SEX,FMLE,,,,,17.0,17.0,17.0,17.0,"Global Health Estimates 2016: Deaths by Cause, Age, Sex, by Country and by Region, 2000-2016. Geneva, World Health Organization, 2018"
6092056,23835831,carep,BFA,1998.0,WEALTHQUINTILE,WQ1,,,,,No data,,,,Not available.
3210572,7530000,GHE_YLDNUM,MDG_WAS,2000.0,SEX,FMLE,AGEGROUP,AGEAll,GHECAUSES,GHE040,22288.0,22288.0,22288.0,22288.0,
6202591,24103807,wast5,MDA,2012.0,WEALTHDECILE,WEALTHDECILE07,,,,,No data,,,,Not available.
1217379,24087325,bfearly,NGA,2003.0,WEALTHDECILE,WEALTHDECILE05,,,,,33.5 [25.6-42.4],33.48014,25.62213,42.3751,
4109768,20135968,MORT_100,BGD,2010.0,AGEGROUP,YEARS0-4,CHILDCAUSE,CH16,,,5333.0,5333.327,5333.0,5333.0,
5794492,22455201,E14a_prod_tv_films,DJI,2008.0,,,,,,,Yes,,,,
97675,15489347,BP_03,PRK,2006.0,SEX,FMLE,AGEGROUP,YEARS18-PLUS,,,19.2 [13.6-25.6],19.2,13.6,25.6,
224478,16114977,NCD_BMI_18C,TUN,1992.0,SEX,BTSX,,,,,6.5 [4.4-9.4],6.5,4.4,9.4,
1349283,24270591,MDG_0000000001,FJI,1952.0,SEX,FMLE,,,,,81,80.99867,71.78216,91.24004,
1573117,955593,SA_0000001679,CAN,2004.0,,,,,,,3911.0,3.911,3911.0,3911.0,
190837,16081336,NCD_BMI_18A,AFR,1993.0,SEX,FMLE,,,,,13.6 [11.4-16.0],13.6,11.4,16.0,
1158257,23966380,vita,NPL,2010.0,SEX,FMLE,,,,,90.1 [87.2-92.4],90.06875,87.18293,92.36174,
5709534,19802044,SA_0000001794,NIC,2016.0,ALCOHOLTYPE,SA_SPIRITS,,,,,Yes,,,,
1146910,23948470,sba,TJK,2017.0,EDUCATIONLEVEL,NHLM,,,,,79.8 [67.4-88.3],79.77179,67.37958,88.27549,
4373330,20399530,MORT_100,NPL,2014.0,AGEGROUP,MONTHS1-59,CHILDCAUSE,CH12,,,0.0,0.0,0.0,0.0,
2695076,6909024,GHE_YLLNUM,MDG_CCA,2000.0,SEX,MLE,AGEGROUP,MONTHS1-59,GHECAUSES,GHE150,0.0,0.0,0.0,0.0,
5909292,22648495,W26_plain_packaging_A,SVN,2014.0,,,,,,,No,,,,
3280370,8095919,WHS2_131,CUB,2000.0,SEX,BTSX,GHECAUSES,GHE134,,,2.4,2.37267,2.4,2.4,
5690120,19774102,SA_0000001506,RWA,2016.0,ALCOHOLTYPE,SA_WINE,,,,,Yes,,,,
2751604,6965761,GHE_YLLNUM,WBINC_LOINC,2000.0,SEX,FMLE,AGEGROUP,MONTHS1-59,GHECAUSES,GHE001,84005734.0,84005736.0,84005734.0,84005734.0,
2277725,6307909,GHE_DALYNUM,REG6_AMR,2000.0,SEX,FMLE,AGEGROUP,YEARS05-14,GHECAUSES,GHE056,14777.0,14777.0,14777.0,14777.0,
5388535,19587294,AIR_52,ESP,2016.0,SEX,MLE,ENVCAUSE,ENVCAUSE068,,,0 [NA-NA],0.0,0.0,0.0,
3398602,9301408,MORT_100,WBINC_UMINC,2008.0,AGEGROUP,MONTHS1-59,CHILDCAUSE,CH10,,,16965.0,16965.49,16965.0,16965.0,
2735498,6949655,GHE_YLLNUM,MDG_SSA,2000.0,SEX,MLE,AGEGROUP,YEARS15-29,GHECAUSES,GHE011,1884402.0,1884402.0,1884402.0,1884402.0,
1547146,271833,MALARIA_15284,CAF,2002.0,,,,,,,90000.0,90000.0,90000.0,90000.0,
1017098,23685508,fpsmowho,LAOMICS201109,2011.0,,,,,,,50.5 [43.3-57.6],50.0,43.0,58.0,
3641780,12338455,MORT_500,WBDCP_HIINCOME,2012.0,SEX,FMLE,AGEGROUP,AGEAll,GHECAUSES,GHE121,236649.0,236649.0,236649.0,236649.0,
2742591,6956748,GHE_YLLNUM,MDG_WAS,2000.0,SEX,FMLE,AGEGROUP,YEARS70+,GHECAUSES,GHE158,0.0,0.0,0.0,0.0,
1539882,218326,WHS9_87,SLB,2005.0,SEX,MLE,,,,,78.0,77.96,78.0,78.0,Estimated by UNESCO Institute for Statistics
3119175,7436063,GHE_DALYRATE,WBDCP_HIINCOME,2000.0,SEX,MLE,AGEGROUP,YEARS05-14,GHECAUSES,GHE038,209.4,209.39999,209.4,209.4,
459945,16512513,NCD_BMI_PLUS1C,LBY,2007.0,SEX,FMLE,AGEGROUP,YEARS05-09,,,29.9 [18.9-42.1],29.9,18.9,42.1,
1611881,2223787,TB_ret_taf,KWT,2001.0,,,,,,,0.0,0.0,0.0,0.0,
4261056,20287256,MORT_200,ISL,2005.0,AGEGROUP,MONTHS1-59,CHILDCAUSE,CH11,,,0.0,0.0,0.0,0.0,
2799918,7014500,GHE_YLLNUM,WBDCP_SSA,2012.0,SEX,FMLE,AGEGROUP,YEARS50-69,GHECAUSES,GHE082,32549.0,32549.0,32549.0,32549.0,
2553433,6749076,GHE_YLDRATE,MDG_SSA,2000.0,SEX,FMLE,AGEGROUP,YEARS50-69,GHECAUSES,GHE098,39.2,39.24,39.2,39.2,
4759961,23168529,WHS8_110,KAZ,1995.0,,,,,,,95.0,95.0,95.0,95.0,
1108316,23882828,cpmt,PER,2000.0,WEALTHQUINTILE,WQ3,,,,,72.8 [71.0-74.6],72.80977,70.95231,74.59098,
5151186,24888026,LIFE_0000000030,HND,2000.0,SEX,FMLE,AGEGROUP,AGE55-59,,,0.053646098,0.05365,0.053646098,0.053646098,
297405,16208979,NCD_BMI_25A,SLV,2007.0,SEX,MLE,,,,,50.2 [44.2-56.1],50.2,44.2,56.1,
5584212,15860107,RSUD_810,CAF,2014.0,RSUDHWF,COMMUNITY_HEALTH_WORKERS,,,,,No,,,,
969571,23105800,HIV_0000000023,CIV,2008.0,,,,,,,67 000 [56 000–76 000],67000.0,56000.0,76000.0,
5649697,17842582,ebreast,JAMMICS200501,2005.0,,,,,,,No data,,,,Not reported - Estimate is based on fewer than 25 cases.
2603478,6806831,GHE_YLDRATE,WBDCP_SSA,2012.0,SEX,MLE,AGEGROUP,YEARS15-29,GHECAUSES,GHE019,106.6,106.59,106.6,106.6,
3586332,12279689,MORT_500,REG7_WPR,2000.0,SEX,FMLE,AGEGROUP,YEARS15-29,GHECAUSES,GHE131,0.0,0.0,0.0,0.0,
4633957,22121768,HWF_0021,CYP,2003.0,,,,,,,39.0,39.0,39.0,39.0,"Includes Practising physiotherapists. Data source: WHO/Europe, Hlth-Res-DB, November 2019"
5027154,24763994,LIFE_0000000032,ROU,2010.0,SEX,MLE,AGEGROUP,AGE55-59,,,7210.275941,7210.27594,7210.275941,7210.275941,
1967381,2990797,MORT_700,REG7_SEAR,2015.0,SEX,FMLE,AGEGROUP,YEARS15-29,GHECAUSES,GHE070,1.0,0.59869,1.0,1.0,
5563132,15676531,RSUD_330,PNG,2014.0,PROGRAMME,OUT_PATIENT_TREATMENT,,,,,Public health sector,,,,
5680105,18223374,SA_0000001400_ARCHIVED,MHL,1990.0,ALCOHOLTYPE,SA_WINE,,,,,No data,,,,
1247014,24146100,carep,BEN,2011.0,RESIDENCEAREATYPE,RUR,,,,,33.3 [23.2-45.3],33.33147,23.20822,45.26744,
2468897,6657514,GHE_YLDNUM,MDG_NAF,2012.0,SEX,MLE,AGEGROUP,YEARS50-69,GHECAUSES,GHE146,1522.0,1522.0,1522.0,1522.0,
2903418,7119510,GHE_YLLRATE,MDG_SOA,2000.0,SEX,MLE,AGEGROUP,YEARS70+,GHECAUSES,GHE016,143.5,143.4704,143.5,143.5,
2410636,6593825,GHE_YLDNUM,REG7_AMR,2012.0,SEX,FMLE,AGEGROUP,YEARS70+,GHECAUSES,GHE021,50010.0,50010.0,50010.0,50010.0,
3288086,8103840,WHS2_131,ESP,2012.0,SEX,MLE,GHECAUSES,GHE154,,,0.8,0.83333,0.8,0.8,
5368611,25214929,GHED_PVT-D_pc_US_SHA2011,BLZ,2005.0,,,,,,,68.99,68.99,68.99,68.99,
3462915,10253923,IHR09,BIH,2011.0,,,,,,,0.0,0.0,0.0,0.0,
4999161,24736001,LIFE_0000000029,SVN,2019.0,SEX,BTSX,AGEGROUP,AGE25-29,,,0.000481852,0.00048,0.000481852,0.000481852,
535761,16623737,NCD_BMI_PLUS2C,TUR,2013.0,SEX,FMLE,AGEGROUP,YEARS05-19,,,9.8 [3.9-18.0],9.8,3.9,18.0,
4148056,20174256,MORT_300,CHN,2008.0,AGEGROUP,YEARS0-4,CHILDCAUSE,CH13,,,0.1,0.06271,0.1,0.1,
1041106,23748278,asfr1,SENDHS201207,2012.0,,,,,,,68.4 [44.4-103.9],68.0,44.0,104.0,
3657847,12355944,MORT_500,WBINC_HIINC,2012.0,SEX,FMLE,AGEGROUP,YEARS50-59,GHECAUSES,GHE072,4004.0,4004.0,4004.0,4004.0,
4706312,22569998,R_VAT_estimate,GIN,2016.0,,,,,,,6.3,6.3,6.3,6.3,
4801725,24368103,TB_c_dst_rlt_new_pct,BLR,2007.0,,,,,,,94.0,94.0,94.0,94.0,
96253,15487925,BP_03,TJK,2007.0,SEX,MLE,AGEGROUP,YEARS18-PLUS,,,20.1 [13.3-28.0],20.1,13.3,28.0,
4164664,20190864,MORT_300,COM,2014.0,AGEGROUP,DAYS0-27,CHILDCAUSE,CH11,,,0.2,0.24085,0.2,0.2,
3097712,7414600,GHE_DALYRATE,WBINC_LOINC,2012.0,SEX,BTSX,AGEGROUP,AGEAll,GHECAUSES,GHE069,17.9,17.9,17.9,17.9,
1879412,2902828,MORT_700,MDG_WAS,2015.0,SEX,MLE,AGEGROUP,YEARS30-49,GHECAUSES,GHE111,3.0,2.67557,3.0,3.0,
2904392,7120485,GHE_YLLRATE,MDG_SOA,2000.0,SEX,FMLE,AGEGROUP,YEARS60-69,GHECAUSES,GHE049,0.0,0.0,0.0,0.0,
26536,777911,CHOL_03,PHL,1981.0,SEX,MLE,AGEGROUP,AGE25-PLUS,,,4.8 [4.0-5.5],4.8,4.0,5.5,
3561210,12253303,MORT_500,WBINC_LMINC,2000.0,SEX,FMLE,AGEGROUP,YEARS30-49,GHECAUSES,GHE131,0.0,0.0,0.0,0.0,
2043171,5833037,MORT_400,WBINC_HIINC,2012.0,SEX,MLE,AGEGROUP,YEARS70+,GHECAUSES,GHE131,0.0,0.0,0.0,0.0,
2852604,7067609,GHE_YLLNUM,REG7_AHIGH,2000.0,SEX,FMLE,AGEGROUP,YEARS50-69,GHECAUSES,GHE103,0.0,0.0,0.0,0.0,
5281487,25018327,LIFE_0000000033,AUS,2015.0,SEX,FMLE,AGEGROUP,AGE50-54,,,485132.5052,485132.5052,485132.5052,485132.5052,
1158569,23966820,overwgt5,NER,2012.0,SEX,FMLE,,,,,2.6 [1.9-3.7],2.64336,1.86069,3.7427,
1856781,2880197,MORT_700,MDG_NAF,2015.0,SEX,MLE,AGEGROUP,YEARS50-69,GHECAUSES,GHE053,0.0,0.0,0.0,0.0,
5007289,24744129,LIFE_0000000032,SYC,2010.0,SEX,FMLE,AGEGROUP,AGE5-9,,,128.3777994,128.3778,128.3777994,128.3777994,
5643142,17770327,uweight3,SLV,2014.0,WEALTHQUINTILE,WQ2,,,,,No data,,,,Not available.
2249311,6273212,GHE_DALYNUM,WBDCP_EURCASIA,2000.0,SEX,FMLE,AGEGROUP,YEARS60-69,GHECAUSES,GHE119,52617.0,52617.0,52617.0,52617.0,
1532857,166108,PercposSW,BGD,2011.0,,,,,,,3.8,3.8,3.8,3.8,"Data refers to 2010 December 1 to 2011 June 30. Govt. of Bangladesh, 2011. National HIV Serological Surveillance, 9th Round Technical Report, 2011 Bangladesh. National AIDS/STD Program, Directorate General of Health Services, Ministry of Health and Family Welfare, Govt. of Bangladesh."
4492185,20518385,MORT_200,UZB,2003.0,AGEGROUP,MONTHS1-59,CHILDCAUSE,CH17,,,2.7,2.74173,2.7,2.7,
4724884,23023862,W3_pc_front_C,MOZ,2012.0,,,,,,,30.0,30.0,30.0,30.0,
231415,16121914,NCD_BMI_18C,SEN,1999.0,SEX,FMLE,,,,,13.7 [8.6-19.9],13.7,8.6,19.9,
1019418,23692912,vpolio,MWIDHS201003,2010.0,,,,,,,87.5 [84.9-89.8],88.0,85.0,90.0,
3586564,12279921,MORT_500,REG7_WPR,2000.0,SEX,FMLE,AGEGROUP,YEARS50-59,GHECAUSES,GHE041,2.0,2.0,2.0,2.0,
3609460,12304713,MORT_500,MDG_WAS,2012.0,SEX,MLE,AGEGROUP,YEARS30-49,GHECAUSES,GHE027,0.0,0.0,0.0,0.0,
2014710,5804576,MORT_400,MDG_NAF,2012.0,SEX,MLE,AGEGROUP,YEARS70+,GHECAUSES,GHE110,4814.8,4814.81006,4814.8,4814.8,
1241153,24134085,cpmowho,VUT,2007.0,WEALTHDECILE,WEALTHDECILE05,,,,,31.6 [23.7-40.8],31.59005,23.6601,40.75877,
5054277,24791117,LIFE_0000000034,NOR,2000.0,SEX,FMLE,AGEGROUP,AGE10-14,,,7119484.824,7119484.824,7119484.824,7119484.824,
3611522,12306775,MORT_500,WBINC_LOINC,2012.0,SEX,MLE,AGEGROUP,MONTHS1-59,GHECAUSES,GHE035,0.0,0.0,0.0,0.0,
2104238,5895486,MORT_400,REG6_EMR,2012.0,SEX,FMLE,AGEGROUP,YEARS60-69,GHECAUSES,GHE006,0.1,0.08472,0.1,0.1,
3809034,15077602,MORT_500,MDG_SSA,2000.0,SEX,MLE,AGEGROUP,AGEAll,GHECAUSES,GHE002,2291731.0,2291731.0,2291731.0,2291731.0,
5286086,25022926,LIFE_0000000035,ARG,2000.0,SEX,BTSX,AGEGROUP,AGE55-59,,,24.09977678,24.09978,24.09977678,24.09977678,
2593642,6795431,GHE_YLDRATE,WBDCP_MIDEASTNAF,2000.0,SEX,MLE,AGEGROUP,YEARS50-69,GHECAUSES,GHE159,1159.9,1159.84998,1159.9,1159.9,
2775209,6989579,GHE_YLLNUM,WBDCP_EURCASIA,2012.0,SEX,FMLE,AGEGROUP,YEARS70+,GHECAUSES,GHE125,128742.0,128742.0,128742.0,128742.0,
2714797,6928954,GHE_YLLNUM,MDG_NAF,2000.0,SEX,MLE,AGEGROUP,DAYS0-27,GHECAUSES,GHE008,0.0,0.0,0.0,0.0,
1679717,2703133,MORT_600,MDG_LAC,2030.0,SEX,MLE,AGEGROUP,YEARS70+,GHECAUSES,GHE085,187.0,187.0,187.0,187.0,
934161,22953346,M_Est_tob_daily_std,COK,2007.0,SEX,FMLE,,,,,20.8 [16.3-25.6],20.8,16.3,25.6,"Rate refers to smoking only, not all tobacco use."
518161,16606137,NCD_BMI_PLUS2C,QAT,2011.0,SEX,BTSX,AGEGROUP,YEARS05-09,,,21.1 [12.0-31.3],21.1,12.0,31.3,
5686903,19769923,SA_0000001507,LCA,2016.0,ADVERTISINGTYPE,SA_WINE_ADS,,,,,voluntary/self-restricted,,,,
5845738,22514344,O_Ins_hosp,MDV,2008.0,,,,,,,No,,,,
4075195,20101395,MORT_300,AFG,2006.0,AGEGROUP,DAYS0-27,CHILDCAUSE,CH10,,,0.2,0.23585,0.2,0.2,
1776219,2799635,MORT_600,REG7_AMR,2015.0,SEX,MLE,AGEGROUP,YEARS50-69,GHECAUSES,GHE079,3964.0,3964.0,3964.0,3964.0,
4444,744857,NCD_BMI_MEANC,NGA,2001.0,SEX,MLE,AGEGROUP,AGE20-PLUS,,,22.2 [21.4-22.9],22.2,21.4,22.9,
5296307,25033147,LIFE_0000000029,AFR,2015.0,SEX,FMLE,AGEGROUP,AGE50-54,,,0.009685247,0.00969,0.009685247,0.009685247,
2454884,6642586,GHE_YLDNUM,REG6_AMR,2000.0,SEX,MLE,AGEGROUP,AGEAll,GHECAUSES,GHE063,3864.0,3864.0,3864.0,3864.0,
2530329,6722600,GHE_YLDRATE,MDG_EAS,2012.0,SEX,FMLE,AGEGROUP,YEARS15-29,GHECAUSES,GHE002,530.6,530.63,530.6,530.6,
2659368,6871198,GHE_YLLNUM,MDG_DEV,2000.0,SEX,BTSX,AGEGROUP,AGEAll,GHECAUSES,GHE086,2401094.0,2401094.0,2401094.0,2401094.0,
93531,15485203,BP_03,HTI,2011.0,SEX,MLE,AGEGROUP,YEARS18-PLUS,,,21.6 [14.5-29.8],21.6,14.5,29.8,
5913275,22668391,W7_rotation_A,IRQ,2018.0,,,,,,,Yes,,,,
1190666,24033362,cpmowho,GMB,2010.0,WEALTHDECILE,WEALTHDECILE02,,,,,5.4 [3.7-7.6],5.35759,3.741,7.61746,
6157940,24012996,sevwast5,COM,1996.0,WEALTHDECILE,WEALTHDECILE06,,,,,No data,,,,Not available.
1282540,24203848,CM_01,LSO,1975.0,SEX,BTSX,,,,,7676,7676.0,6997.0,8432.0,
1435614,24393605,TB_e_inc_tbhiv_100k,CYP,2013.0,,,,,,,0.20 [0.11-0.31],0.2,0.11,0.31,
2473290,6662113,GHE_YLDNUM,REG7_EUR,2012.0,SEX,FMLE,AGEGROUP,YEARS05-14,GHECAUSES,GHE004,1096.0,1096.0,1096.0,1096.0,
747750,17787307,poliov,ETH,2005.0,SEX,FMLE,,,,,44.4 [39.2-49.7],44.43066,39.24489,49.74066,
2944408,7161052,GHE_YLLRATE,WBDCP_EURCASIA,2012.0,SEX,FMLE,AGEGROUP,AGEAll,GHECAUSES,GHE004,17.2,17.19649,17.2,17.2,
4139781,20165981,MORT_200,CAF,2015.0,AGEGROUP,MONTHS1-59,CHILDCAUSE,CH3,,,12.3,12.30173,12.3,12.3,
2569132,6767171,GHE_YLDRATE,WBINC_LMINC,2000.0,SEX,MLE,AGEGROUP,YEARS70+,GHECAUSES,GHE017,540.1,540.13,540.1,540.1,
5316717,25104610,SDGIHR2018,HND,2019.0,,,,,,,60.0,60.0,60.0,60.0,
2528645,6720635,GHE_YLDRATE,MDG_EAS,2000.0,SEX,FMLE,AGEGROUP,YEARS50-69,GHECAUSES,GHE097,110.1,110.12,110.1,110.1,
1367384,24288692,MDG_0000000001,SVK,1995.0,SEX,MLE,,,,,11.3,11.3269,11.05216,11.61137,
3829874,17932914,MORT_100,WBINC_UMINC,2003.0,AGEGROUP,MONTHS1-59,CHILDCAUSE,CH3,,,55220.0,55219.84,55220.0,55220.0,
443144,16495712,NCD_BMI_PLUS1C,IRN,2006.0,SEX,BTSX,AGEGROUP,YEARS10-19,,,20.2 [18.0-22.5],20.2,18.0,22.5,
5446303,1037312,SA_0000001715,HRV,2008.0,,,,,,,Yes,,,,
2044407,5834273,MORT_400,WBINC_HIINC,2012.0,SEX,FMLE,AGEGROUP,AGEAll,GHECAUSES,GHE103,0.0,0.00243,0.0,0.0,
3878094,17998299,HRH_04,TUR,1991.0,,,,,,,16002.0,16002.0,16002.0,16002.0,
4787118,24175942,TB_effective_treatment_coverage,TUV,2009.0,,,,,,,72.2,72.2,72.2,72.2,
1917503,2940919,MORT_700,WBDCP_SASIA,2015.0,SEX,MLE,AGEGROUP,YEARS50-69,GHECAUSES,GHE133,3.0,2.61325,3.0,3.0,
2598959,6801508,GHE_YLDRATE,WBDCP_SASIA,2000.0,SEX,FMLE,AGEGROUP,YEARS70+,GHECAUSES,GHE074,0.0,0.0,0.0,0.0,
3107563,7424451,GHE_DALYRATE,WBINC_UMINC,2012.0,SEX,MLE,AGEGROUP,YEARS15-29,GHECAUSES,GHE124,11.1,11.1,11.1,11.1,
4704954,22568328,R_total_tax_estimate,BOL,2008.0,,,,,,,41.0,41.0,41.0,41.0,
5637606,17706334,stunt3,PRY,2004.0,EDUCATIONLEVEL,NHLM,,,,,No data,,,,Not available.
3986782,19166196,SA_0000001400,CIV,1982.0,ALCOHOLTYPE,SA_OTHER_ALCOHOL,,,,,1.08,1.08,1.08,1.08,
757721,17818313,poliov,COLDHS201006,2010.0,,,,,,,84.0 [79.5-87.6],83.98274,79.50231,87.63614,
2198503,6211020,GHE_DALYNUM,MDG_LAC,2000.0,SEX,MLE,AGEGROUP,YEARS50-69,GHECAUSES,GHE015,172.0,172.0,172.0,172.0,
3327814,8144605,WHS2_131,MUS,2012.0,SEX,FMLE,GHECAUSES,GHE115,,,2.1,2.14867,2.1,2.1,
3598254,12292243,MORT_500,MGHE_GLOBAL,2012.0,SEX,MLE,AGEGROUP,YEARS50-59,GHECAUSES,GHE039,91269.0,91269.0,91269.0,91269.0,
2253642,6278407,GHE_DALYNUM,WBDCP_HIINCOME,2000.0,SEX,FMLE,AGEGROUP,YEARS70+,GHECAUSES,GHE100,24480.0,24480.0,24480.0,24480.0,
4494782,20520982,MORT_100,VCT,2006.0,AGEGROUP,DAYS0-27,CHILDCAUSE,CH11,,,4.0,3.63067,4.0,4.0,
639243,16874639,NCD_BMI_MINUS2C,SOM,2007.0,SEX,MLE,AGEGROUP,YEARS05-09,,,9.2 [2.8-19.7],9.2,2.8,19.7,
3389770,9292557,MORT_100,MDG_SOA,2007.0,AGEGROUP,DAYS0-27,CHILDCAUSE,CH16,,,1463.0,1463.059,1463.0,1463.0,
5430516,965199,RSUD_26,SGP,2008.0,SUBSTANCETYPEDISORDER,ALCOHOL_USE_DISORDERS,,,,,no,,,,
5546629,14879921,NCD_CCS_PM3_Surv,MCO,2015.0,,,,,,,No,,,,
70040,11799216,MDG_0000000023,GLOBAL,1998.0,,,,,,,277 [260-294],277.0,260.0,294.0,
5312994,25100669,LIFE_0000000032,WB_LMI,2015.0,SEX,MLE,AGEGROUP,AGE20-24,,,709.8293216,709.82932,709.8293216,709.8293216,
4653707,22211879,SA_0000001688,MOZ,2005.0,SEX,BTSX,,,,,1.3,1.3002,1.3,1.3,
5297999,25034839,LIFE_0000000035,AFR,2010.0,SEX,FMLE,AGEGROUP,AGE55-59,,,21.52860648,21.52861,21.52860648,21.52860648,
3144105,7460993,GHE_DALYRATE,REG6_AFR,2000.0,SEX,FMLE,AGEGROUP,YEARS15-29,GHECAUSES,GHE004,118.3,118.3,118.3,118.3,
5945589,22998175,W20_flavours_B,BOL,2008.0,,,,,,,No,,,,
3116752,7433640,GHE_DALYRATE,WBDCP_EURCASIA,2012.0,SEX,BTSX,AGEGROUP,AGEAll,GHECAUSES,GHE149,102.4,102.4,102.4,102.4,
1146886,23948437,csection,TJK,2017.0,EDUCATIONLEVEL,NHLM,,,,,4.6 [1.1-16.8],4.5693,1.1248,16.7727,
808436,19592259,AIR_15,HRV,2016.0,SEX,FMLE,ENVCAUSE,ENVCAUSE000,,,6496 [226–19452],6495.9096,226.42676,19451.98047,
2385965,6565048,GHE_YLDNUM,MDG_DEV,2000.0,SEX,MLE,AGEGROUP,YEARS70+,GHECAUSES,GHE001,236525.0,236525.0,236525.0,236525.0,
647643,16883039,NCD_BMI_MINUS2C,CHE,2007.0,SEX,MLE,AGEGROUP,YEARS10-19,,,0.8 [0.4-1.4],0.8,0.4,1.4,
1831671,2855087,MORT_700,REG7_SEAR,2015.0,SEX,MLE,AGEGROUP,AGEAll,GHECAUSES,GHE113,112.0,112.09917,112.0,112.0,
580828,16816224,NCD_BMI_MINUS2C,MYS,2014.0,SEX,BTSX,AGEGROUP,YEARS05-19,,,7.7 [5.7-10.2],7.7,5.7,10.2,
1817302,2840718,MORT_700,WBDCP_LAC,2015.0,SEX,BTSX,AGEGROUP,AGEAll,GHECAUSES,GHE122,2.0,2.19409,2.0,2.0,
4424020,20450220,MORT_300,SLE,2002.0,AGEGROUP,MONTHS1-59,CHILDCAUSE,CH17,,,0.0,0.02809,0.0,0.0,
3786614,14539326,WHS7_147,CPV,2009.0,,,,,,,23.65,23.6471,23.65,23.65,
2887590,7103464,GHE_YLLRATE,MDG_LAC,2012.0,SEX,FMLE,AGEGROUP,YEARS15-29,GHECAUSES,GHE092,2.0,1.97147,2.0,2.0,
1589915,983647,SA_0000001419,STP,2004.0,SEX,BTSX,,,,,95.0,95.0,95.0,95.0,
632037,16867433,NCD_BMI_MINUS2C,TKM,1983.0,SEX,MLE,AGEGROUP,YEARS05-19,,,5.3 [0.8-15.0],5.3,0.8,15.0,
6179991,24055228,wast5,KAZ,1995.0,WEALTHDECILE,WEALTHDECILE08,,,,,No data,,,,Not available.
4261288,20287488,MORT_300,ISL,2007.0,AGEGROUP,DAYS0-27,CHILDCAUSE,CH9,,,0.0,0.0,0.0,0.0,
2810981,7025774,GHE_YLLNUM,REG6_EMR,2000.0,SEX,MLE,AGEGROUP,YEARS30-49,GHECAUSES,GHE138,0.0,0.0,0.0,0.0,
174469,16063960,NCD_BMI_30C,AGO,2005.0,SEX,FMLE,,,,,6.0 [3.2-10.0],6.0,3.2,10.0,
6250106,25432315,LEADCONTROL,SVN,2020.0,,,,,,,Yes,,,,REACH
5380566,25518554,NLIS_NU_CA_061,GMB,2010.0,,,,,,,99.0,99.0,99.0,99.0,"UNICEF global databases, 2020, based on administrative reports from countries"
1862956,2886372,MORT_700,MDG_OCE,2030.0,SEX,FMLE,AGEGROUP,YEARS05-14,GHECAUSES,GHE024,0.0,0.0,0.0,0.0,
5357301,25203619,GHED_OOP_pc_PPP_SHA2011,UGA,2006.0,,,,,,,61.45,61.45,61.45,61.45,
885203,22367969,SA_0000001400,BHR,2012.0,ALCOHOLTYPE,SA_OTHER_ALCOHOL,,,,,0.02,0.01671,0.00992,0.02298,
1048721,23775107,bfearly,TZADHS200415,2004.0,,,,,,,40.5 [34.7-46.7],41.0,35.0,47.0,
4765604,23181226,WHS4_100,MNG,2008.0,,,,,,,96.0,96.0,96.0,96.0,
2454137,6641779,GHE_YLDNUM,MDG_WAS,2000.0,SEX,FMLE,AGEGROUP,DAYS0-27,GHECAUSES,GHE001,4058.0,4058.0,4058.0,4058.0,
2901787,7117878,GHE_YLLRATE,MDG_SEA,2012.0,SEX,FMLE,AGEGROUP,YEARS30-49,GHECAUSES,GHE128,0.0,0.0,0.0,0.0,
5058311,24795151,LIFE_0000000034,NGA,2010.0,SEX,FMLE,AGEGROUP,AGE40-44,,,2695591.258,2695591.258,2695591.258,2695591.258,
2421866,6606498,GHE_YLDNUM,REG6_WPR,2000.0,SEX,MLE,AGEGROUP,YEARS15-29,GHECAUSES,GHE021,26795.0,26795.0,26795.0,26795.0,
158069,16047560,NCD_BMI_30A,VNM,1985.0,SEX,FMLE,,,,,0.4 [0.2-0.7],0.4,0.2,0.7,
5145061,24881901,LIFE_0000000032,IND,2015.0,SEX,BTSX,AGEGROUP,AGE20-24,,,593.743687,593.74369,593.743687,593.743687,
607970,16843366,NCD_BMI_MINUS2C,TKM,1982.0,SEX,FMLE,AGEGROUP,YEARS05-19,,,3.9 [0.6-11.0],3.9,0.6,11.0,
182475,16071966,NCD_BMI_30C,AGO,1989.0,SEX,MLE,,,,,0.6 [0.2-1.4],0.6,0.2,1.4,
3787594,14540306,WHS7_147,KGZ,1997.0,,,,,,,51.05,51.05427,51.05,51.05,
2106373,5897621,MORT_400,REG6_EUR,2000.0,SEX,FMLE,AGEGROUP,YEARS30-49,GHECAUSES,GHE093,0.1,0.06189,0.1,0.1,
5372768,25222665,GHED_GGHE-DGDP_SHA2011,WPR,2011.0,,,,,,,4.19,4.19,4.19,4.19,
1300337,24221645,CM_02,BIH,2006.0,SEX,MLE,,,,,148,148.0,143.0,155.0,
6147333,23990640,overwgt5,BGD,2007.0,WEALTHDECILE,WEALTHDECILE01,,,,,No data,,,,Not available.
1019638,23693577,itnwm,MWIMICS201311,2013.0,,,,,,,80.2 [68.5-88.2],80.0,69.0,88.0,
21230,772605,CHOL_04,QAT,1982.0,SEX,FMLE,AGEGROUP,AGE25-PLUS,,,5.2 [4.5-5.9],5.2,4.5,5.9,
2986659,7204393,GHE_YLLRATE,REG6_SEAR,2000.0,SEX,MLE,AGEGROUP,YEARS30-49,GHECAUSES,GHE059,0.3,0.34483,0.3,0.3,
6198689,24093140,fps,PRY,2008.0,WEALTHDECILE,WEALTHDECILE01,,,,,No data,,,,Not available.
3943275,18225969,SA_0000001400_ARCHIVED,IRQ,2004.0,ALCOHOLTYPE,SA_WINE,,,,,0.0,0.0,0.0,0.0,
4056942,20082666,SA_0000001829,SAU,2016.0,,,,,,,1.27,1.27,1.27,1.27,
5470785,6294338,GHE_DALYNUM,WBDCP_SASIA,2012.0,SEX,MLE,AGEGROUP,YEARS30-49,GHECAUSES,GHE073, -   ,0.0,0.0,,
5258585,24995425,LIFE_0000000032,BTN,2015.0,SEX,MLE,AGEGROUP,AGE15-19,,,387.4458419,387.44584,387.4458419,387.4458419,
696942,17053932,NCD_GLUC_03,CAF,1982.0,SEX,BTSX,AGEGROUP,YEARS18-PLUS,,,2.4 [1.0-4.7],2.4,1.0,4.7,
4175823,20202023,MORT_200,CZE,2013.0,AGEGROUP,DAYS0-27,CHILDCAUSE,CH5,,,0.0,0.0,0.0,0.0,
2512539,6702478,GHE_YLDNUM,MDG_EAS,2012.0,SEX,MLE,AGEGROUP,YEARS70+,GHECAUSES,GHE029,2.0,2.0,2.0,2.0,
653525,17004584,NCD_GLUC_04,AFR,2012.0,SEX,MLE,AGEGROUP,YEARS18-PLUS,,,6.8 [5.0-8.7],6.8,5.0,8.7,
1432887,24390878,TB_e_inc_num,MNE,2005.0,,,,,,,180 [150-210],180.0,150.0,210.0,
1391278,24312586,MDG_0000000007,LSO,1988.0,SEX,MLE,,,,,94.8,94.79021,85.15528,105.80048,
4735783,23086573,HIV_0000000015,CAF,2019.0,,,,,,,4029.0,4029.0,4029.0,4029.0,
3671378,12370739,MORT_500,REG6_AMR,2012.0,SEX,FMLE,AGEGROUP,YEARS15-29,GHECAUSES,GHE009,74.0,74.0,74.0,74.0,
2206318,6220888,GHE_DALYNUM,MDG_OCE,2000.0,SEX,MLE,AGEGROUP,YEARS15-29,GHECAUSES,GHE093,387.0,387.0,387.0,387.0,
1793271,2816687,MORT_600,REG7_SEAR,2030.0,SEX,MLE,AGEGROUP,YEARS50-69,GHECAUSES,GHE151,345919.0,345919.0,345919.0,345919.0,
5297477,25034317,LIFE_0000000033,AFR,2000.0,SEX,BTSX,AGEGROUP,AGE10-14,,,414758.7075,414758.7075,414758.7075,414758.7075,
69173,11769773,TB_e_prev_num,SVN,2002.0,,,,,,,470 [200-870],470.0,200.0,870.0,
3178800,7495688,GHE_DALYRATE,REG7_EMR,2012.0,SEX,MLE,AGEGROUP,YEARS30-49,GHECAUSES,GHE103,8.7,8.7,8.7,8.7,
3859914,17975832,MORT_300,SDG_NORAMEUR,2005.0,SEX,BTSX,AGEGROUP,MONTHS1-59,CHILDCAUSE,CH17,18.2,18.19411,18.2,18.2,
1941733,2965149,MORT_700,REG6_SEAR,2030.0,SEX,MLE,AGEGROUP,YEARS15-29,GHECAUSES,GHE037,1.0,0.84789,1.0,1.0,
6228566,24160334,vita,MWI,1992.0,RESIDENCEAREATYPE,RUR,,,,,No data,,,,Not available.
3833047,17936089,MORT_300,WBINC_UMINC,2011.0,SEX,BTSX,AGEGROUP,YEARS0-4,CHILDCAUSE,CH12,4.5,4.50532,4.5,4.5,
305778,16217352,NCD_BMI_25A,GMB,1980.0,SEX,FMLE,,,,,14.3 [10.0-19.4],14.3,10.0,19.4,
5457268,6213541,GHE_DALYNUM,MDG_LAC,2012.0,SEX,MLE,AGEGROUP,YEARS50-69,GHECAUSES,GHE008, -   ,0.0,0.0,,
1946985,2970401,MORT_700,REG6_WPR,2030.0,SEX,FMLE,AGEGROUP,YEARS70+,GHECAUSES,GHE007,0.0,0.05489,0.0,0.0,
3497128,12185113,MORT_500,REG6_WPR,2000.0,SEX,MLE,AGEGROUP,AGEAll,GHECAUSES,GHE033,280.0,280.0,280.0,280.0,
6205349,24109761,ors,SEN,2015.0,WEALTHDECILE,WEALTHDECILE10,,,,,No data,,,,Not reported - Estimate is based on fewer than 25 cases.
4556689,21159476,WSH_SANITATION_BASIC,GRD,2008.0,RESIDENCEAREATYPE,TOTL,,,,,92.0,91.97088,92.0,92.0,
5111627,24848467,LIFE_0000000031,LBN,2015.0,SEX,FMLE,AGEGROUP,AGE50-54,,,95954.86109,95954.86109,95954.86109,95954.86109,
4226177,20252377,MORT_100,GMB,2016.0,AGEGROUP,DAYS0-27,CHILDCAUSE,CH15,,,217.0,217.2438,217.0,217.0,
5547342,14881000,NCD_CCS_UrineAlbumin,BFA,2015.0,,,,,,,No,,,,
1285068,24206376,CM_01,MRT,1966.0,SEX,BTSX,,,,,9736,9736.0,8836.0,10705.0,
5537551,11798032,TB_sldst_avail,ISR,2010.0,,,,,,,"Yes, within the country",,,,
1538894,217338,WHS9_87,JOR,2007.0,SEX,MLE,,,,,95.3,95.26,95.3,95.3,
5742910,19966914,SA_0000001722_ARCHIVED,AUT,2012.0,COMMUNITYACTIONTYPE,SA_EARMARKED_FUNDS,,,,,No,,,,
4566669,21169456,WSH_SANITATION_OD,IRL,2003.0,RESIDENCEAREATYPE,RUR,,,,,0.0,0.0,0.0,0.0,
225448,16115947,NCD_BMI_18C,ARG,1996.0,SEX,FMLE,,,,,2.2 [1.1-3.7],2.2,1.1,3.7,
2313152,6351239,GHE_DALYNUM,REG7_EUR,2012.0,SEX,FMLE,AGEGROUP,YEARS30-49,GHECAUSES,GHE094,385890.0,385890.0,385890.0,385890.0,
202630,16093129,NCD_BMI_18A,COL,1984.0,SEX,FMLE,,,,,5.3 [2.7-9.0],5.3,2.7,9.0,
4751149,23147981,WHS8_110,CYP,1986.0,,,,,,,60.0,60.0,60.0,60.0,
5677771,18130590,GOE_Q174,ZAF,2015.0,GOEQUESTION,GOEQUESTION016,,,,,Don't know,,,,
4803171,24369885,TB_c_dst_rlt_new_pct,TTO,2018.0,,,,,,,97.0,97.0,97.0,97.0,
4507672,20533872,MORT_300,ZAF,2000.0,AGEGROUP,DAYS0-27,CHILDCAUSE,CH16,,,0.0,0.00293,0.0,0.0,
453945,16506513,NCD_BMI_PLUS1C,VCT,2013.0,SEX,FMLE,AGEGROUP,YEARS05-19,,,26.8 [17.3-37.8],26.8,17.3,37.8,
1158085,23966166,itnch,NAM,2006.0,SEX,FMLE,,,,,9.8 [8.5-11.3],9.78997,8.47109,11.28886,
5013293,24750133,LIFE_0000000032,SAU,2015.0,SEX,FMLE,AGEGROUP,AGE5-9,,,97.0566518,97.05665,97.0566518,97.0566518,
443076,16495644,NCD_BMI_PLUS1C,IDN,1980.0,SEX,BTSX,AGEGROUP,YEARS10-19,,,0.9 [0.4-1.6],0.9,0.4,1.6,
5510253,11426017,E19_movies_anti_tob_ads,SEN,2007.0,,,,,,,No,,,,
5827022,22493678,NTCP_govt_obj,ISL,2018.0,,,,,,,Yes,,,,
5506398,11346314,E19_movies_anti_tob_ads,KWT,2012.0,,,,,,,No,,,,
3506122,12194107,MORT_500,MDG_OCE,2000.0,SEX,MLE,AGEGROUP,MONTHS1-59,GHECAUSES,GHE021,1365.0,1365.0,1365.0,1365.0,
4143051,20169251,MORT_200,CHE,2005.0,AGEGROUP,YEARS0-4,CHILDCAUSE,CH2,,,0.0,0.0,0.0,0.0,
48661,811376,BP_05,SRB,2002.0,SEX,MLE,AGEGROUP,AGE25-PLUS,,,137.4 [133.1-141.7],137.4,133.1,141.7,
4123968,20150168,MORT_200,BLZ,2015.0,AGEGROUP,MONTHS1-59,CHILDCAUSE,CH11,,,0.2,0.16431,0.2,0.2,
2793160,7007742,GHE_YLLNUM,WBDCP_SASIA,2012.0,SEX,MLE,AGEGROUP,YEARS05-14,GHECAUSES,GHE118,40791.0,40791.0,40791.0,40791.0,
866482,21707649,CHILDMORT5TO14,GBR,2012.0,SEX,BTSX,,,,,0.9 [0.9-0.9],0.9193,0.89491,0.94394,
5558359,15668604,RSUD_180,BLR,2014.0,RSUDREP,RSUDREP_ALCOHOLUSEDISORDER,,,,,Yes,,,,
488759,16541327,NCD_BMI_PLUS1C,BEN,2009.0,SEX,MLE,AGEGROUP,YEARS10-19,,,4.4 [2.0-8.1],4.4,2.0,8.1,
1475037,25078353,PHE_HHAIR_POP_POLLUTING_FUELS,BFA,2000.0,RESIDENCEAREATYPE,RUR,,,,,9.5,9.472,9.158,9.535,
615641,16851037,NCD_BMI_MINUS2C,TJK,2009.0,SEX,FMLE,AGEGROUP,YEARS05-09,,,3.9 [1.1-9.2],3.9,1.1,9.2,
6179657,24054147,wast5,JOR,2007.0,WEALTHDECILE,WEALTHDECILE07,,,,,No data,,,,Not available.
4351459,20377659,MORT_300,MWI,2003.0,AGEGROUP,DAYS0-27,CHILDCAUSE,CH3,,,0.0,0.00638,0.0,0.0,
4261226,20287426,MORT_100,ISL,2006.0,AGEGROUP,MONTHS1-59,CHILDCAUSE,CH17,,,0.0,0.21053,0.0,0.0,
183553,16073044,NCD_BMI_30C,CMR,1975.0,SEX,MLE,,,,,0.4 [0.1-1.1],0.4,0.1,1.1,
5056860,24793700,LIFE_0000000029,NGA,2005.0,SEX,FMLE,AGEGROUP,AGE5-9,,,0.003692841,0.00369,0.003692841,0.003692841,
5827735,22494391,NTCP_govt_obj,USA,2016.0,,,,,,,Yes,,,,
5007571,24744411,LIFE_0000000030,SYC,2005.0,SEX,FMLE,AGEGROUP,AGE85PLUS,,,1.0,1.0,1.0,1.0,
3818735,15599463,MORTADO,WHO_LMI_EUR,2015.0,SEX,BTSX,AGEGROUP,YEARS15-19,,,68.2,68.21044,68.2,68.2,
5823931,22484640,E9_free_distrib,SLV,2016.0,,,,,,,No,,,,
5836476,22503132,O_Bup_sold,GNQ,2012.0,,,,,,,No,,,,
3679077,12378438,MORT_500,REG7_AMR,2012.0,SEX,FMLE,AGEGROUP,YEARS15-29,GHECAUSES,GHE130,260.0,260.0,260.0,260.0,
653419,17004478,NCD_GLUC_04,WPR,2010.0,SEX,BTSX,AGEGROUP,YEARS18-PLUS,,,7.8 [6.3-9.4],7.8,6.3,9.4,
2099981,5891229,MORT_400,REG6_EMR,2000.0,SEX,BTSX,AGEGROUP,AGEAll,GHECAUSES,GHE015,11.7,11.74652,11.7,11.7,
1118343,23899599,itnch,UGA,2006.0,WEALTHQUINTILE,WQ4,,,,,8.8 [6.8-11.3],8.80905,6.82059,11.30689,
5172841,24909681,LIFE_0000000032,GMB,2000.0,SEX,FMLE,AGEGROUP,AGE30-34,,,1601.058114,1601.05811,1601.058114,1601.058114,
150474,16039965,NCD_BMI_30A,ARG,1992.0,SEX,FMLE,,,,,19.1 [14.5-24.3],19.1,14.5,24.3,
5596565,15953269,RSUD_150,NIU,2014.0,RSUDREP,RSUDREP_ALCOHOLUSEDISORDER,,,,,No data,,,,
5695638,19782469,SA_0000001722,NAM,2016.0,COMMUNITYACTIONTYPE,SA_PROVISION_INFORMATION,,,,,Yes,,,,
5634498,17674044,stunt3,SYR,2006.0,RESIDENCEAREATYPE,URB,,,,,No data,,,,Not available.
4438613,20464813,MORT_100,STP,2010.0,AGEGROUP,DAYS0-27,CHILDCAUSE,CH15,,,15.0,15.31789,15.0,15.0,
1399596,24320904,MDG_0000000007,SEN,2018.0,SEX,FMLE,,,,,42.7,42.71853,34.30948,53.25479,
1814142,2837558,MORT_700,WBINC_UMINC,2030.0,SEX,MLE,AGEGROUP,AGEAll,GHECAUSES,GHE122,4.0,3.52458,4.0,4.0,
1421538,24358871,MDG_0000000017,MYS,2009.0,,,,,,,5 [4.70-5.20],5.0,4.7,5.2,
5854668,22523274,O_Quitline,BLR,2018.0,,,,,,,Yes,,,,
711266,17659142,poliov,ECU,2004.0,RESIDENCEAREATYPE,URB,,,,,76.8 [69.9-82.4],76.75539,69.89852,82.44265,
2049323,5839189,MORT_400,WBINC_LMINC,2000.0,SEX,BTSX,AGEGROUP,AGEAll,GHECAUSES,GHE121,38.3,38.32501,38.3,38.3,
3870591,17987928,cci2030,KENDHS199803,1998.0,,,,,,,58.8,58.83599,58.8,58.8,
1331676,24252984,CM_03,CAN,2010.0,SEX,BTSX,,,,,1420,1420.0,1383.0,1458.0,
4867476,24556892,WHS3_43,BHS,2000.0,,,,,,,0.0,0.0,0.0,0.0,
4311416,20337616,MORT_100,LUX,2009.0,AGEGROUP,DAYS0-27,CHILDCAUSE,CH7,,,0.0,0.0,0.0,0.0,
6200607,24098653,sevwast5,PER,2014.0,WEALTHDECILE,WEALTHDECILE03,,,,,No data,,,,Not available.
3635360,12331877,MORT_500,REG7_AHIGH,2012.0,SEX,MLE,AGEGROUP,DAYS0-27,GHECAUSES,GHE015,0.0,0.0,0.0,0.0,
6039733,23641345,carep,SLVRHS200201,2002.0,,,,,,,No data,,,,Not available.
4090986,20117186,MORT_200,ATG,2005.0,AGEGROUP,YEARS0-4,CHILDCAUSE,CH15,,,1.8,1.76875,1.8,1.8,
1929153,2952569,MORT_700,REG6_AMR,2015.0,SEX,FMLE,AGEGROUP,YEARS0-4,GHECAUSES,GHE134,0.0,0.14108,0.0,0.0,
4781281,23911492,cci,BEN,2014.0,EDUCATIONLEVEL,NHLM,,,,,44.4,44.40295,44.4,44.4,
897138,22379904,SA_0000001400,RUS,2016.0,ALCOHOLTYPE,SA_OTHER_ALCOHOL,,,,,0,0.0,0.0,0.0,
4779484,23212432,WHS4_543,VUT,2012.0,,,,,,,92.0,92.0,92.0,92.0,
2643327,6852704,GHE_YLDRATE,REG7_EUR,2000.0,SEX,MLE,AGEGROUP,AGEAll,GHECAUSES,GHE078,995.0,995.0,995.0,995.0,
5754311,20551643,NTD_TSOL1,AFG,2018.0,,,,,,,No data,,,,
4351078,20377278,MORT_300,MWI,2000.0,AGEGROUP,YEARS0-4,CHILDCAUSE,CH2,,,0.1,0.11383,0.1,0.1,
3716287,13022397,MORT_100,WBDCP_LAC,2004.0,AGEGROUP,YEARS0-4,CHILDCAUSE,CH5,,,599.0,599.1231,599.0,599.0,
4602452,21987666,FINPROTECTION_IMP_NP310_POP,ROU,1999.0,RESIDENCEAREATYPE,URB,,,,,1.19,1.19,1.19,1.19,
4457663,20483863,MORT_100,TCD,2017.0,AGEGROUP,YEARS0-4,CHILDCAUSE,CH17,,,4502.0,4502.305,4502.0,4502.0,
1949099,2972515,MORT_700,REG7_AFR,2030.0,SEX,MLE,AGEGROUP,YEARS0-4,GHECAUSES,GHE152,98.0,97.88285,98.0,98.0,
1090910,23852479,sevwast5,GMB,2013.0,WEALTHQUINTILE,WQ4,,,,,4.0 [2.3-6.8],4.0145,2.33702,6.81205,
4311954,20338154,MORT_200,LUX,2013.0,AGEGROUP,YEARS0-4,CHILDCAUSE,CH10,,,1.1,1.1282,1.1,1.1,
83720,15474982,BP_04,PHL,2011.0,SEX,FMLE,AGEGROUP,YEARS18-PLUS,,,20.9 [15.8-26.5],20.9,15.8,26.5,
5404293,23752166,cci,SLEDHS200802,2008.0,,,,,,,39.7 [0.0-0.0],0.0,0.0,39.7,
1879226,2902642,MORT_700,MDG_WAS,2015.0,SEX,MLE,AGEGROUP,YEARS15-29,GHECAUSES,GHE036,0.0,0.0,0.0,0.0,
5775630,22433616,Camp_gov_prog,ESP,2016.0,,,,,,,Not applicable,,,,
515492,16603468,NCD_BMI_PLUS2C,ISL,1988.0,SEX,BTSX,AGEGROUP,YEARS05-09,,,8.6 [3.3-16.6],8.6,3.3,16.6,
2276621,6306624,GHE_DALYNUM,REG6_AMR,2000.0,SEX,MLE,AGEGROUP,YEARS05-14,GHECAUSES,GHE029,136.0,136.0,136.0,136.0,
2634436,6842499,GHE_YLDRATE,REG7_AMR,2000.0,SEX,MLE,AGEGROUP,YEARS15-29,GHECAUSES,GHE143,29.4,29.42,29.4,29.4,
4922528,24616561,WHOSIS_000001,DOM,2015.0,SEX,BTSX,,,,,71.8,71.75336,71.8,71.8,
160720,16050211,NCD_BMI_30A,FIN,1990.0,SEX,MLE,,,,,11.7 [9.1-14.7],11.7,9.1,14.7,
4862493,24551909,WHS3_56,SLE,2001.0,,,,,,,38.0,38.0,38.0,38.0,
3144463,7461351,GHE_DALYRATE,REG6_AFR,2000.0,SEX,FMLE,AGEGROUP,YEARS50-69,GHECAUSES,GHE052,0.0,0.0,0.0,0.0,
66782,11767382,TB_e_prev_num,GIN,2010.0,,,,,,, 29 000 [ 16 000- 46 000],29000.0,16000.0,46000.0,
2284526,6316237,GHE_DALYNUM,REG6_EMR,2012.0,SEX,FMLE,AGEGROUP,YEARS70+,GHECAUSES,GHE004,2866.0,2866.0,2866.0,2866.0,
1768655,2792071,MORT_600,REG6_WPR,2015.0,SEX,MLE,AGEGROUP,YEARS50-69,GHECAUSES,GHE061,837184.0,837184.0,837184.0,837184.0,
1160875,23969948,vdpt,SDN,2014.0,SEX,FMLE,,,,,76.4 [72.8-79.6],76.40741,72.84495,79.63319,
5236600,24973440,LIFE_0000000032,CMR,2005.0,SEX,MLE,AGEGROUP,AGE5-9,,,1677.706797,1677.7068,1677.706797,1677.706797,
2061001,5851324,MORT_400,WBDCP_EAP,2012.0,SEX,MLE,AGEGROUP,YEARS15-29,GHECAUSES,GHE090,0.0,0.0,0.0,0.0,
300895,16212469,NCD_BMI_25A,POL,2011.0,SEX,MLE,,,,,62.6 [58.4-66.7],62.6,58.4,66.7,
407084,16404338,NCD_BMI_MEANC,JAM,1982.0,SEX,MLE,AGEGROUP,YEARS05-09,,,14.1 [12.2-15.8],14.06603,12.22296,15.84026,
4580813,21427929,WHS3_49,COG,2000.0,,,,,,,47.0,47.0,47.0,47.0,
5369787,25216105,GHED_PVT-D_pc_US_SHA2011,IRN,2003.0,,,,,,,70.66,70.66,70.66,70.66,
2088419,5879195,MORT_400,WBDCP_SSA,2000.0,SEX,FMLE,AGEGROUP,YEARS70+,GHECAUSES,GHE153,50.0,50.01613,50.0,50.0,
955343,23063183,HIV_0000000026,AMR,1994.0,,,,,,,170 000 [110 000–240 000],170000.0,110000.0,240000.0,
5274320,25011160,LIFE_0000000029,BHS,2005.0,SEX,FMLE,AGEGROUP,AGE30-34,,,0.002162467,0.00216,0.002162467,0.002162467,
772771,17870525,poliov,PERDHS200802,2008.0,,,,,,,58.0 [44.1-70.7],57.98349,44.09118,70.71648,
5127629,24864469,LIFE_0000000031,JOR,2000.0,SEX,BTSX,AGEGROUP,AGE70-74,,,68573.33414,68573.33414,68573.33414,68573.33414,
3123822,7440710,GHE_DALYRATE,WBDCP_LAC,2000.0,SEX,BTSX,AGEGROUP,AGEAll,GHECAUSES,GHE109,1.9,1.9,1.9,1.9,
2558831,6755315,GHE_YLDRATE,MDG_WAS,2012.0,SEX,MLE,AGEGROUP,YEARS70+,GHECAUSES,GHE011,529.0,529.03003,529.0,529.0,
3853244,17969152,MORT_100,SDG_ESEASIA,2016.0,AGEGROUP,YEARS0-4,CHILDCAUSE,CH16,,,34934.0,34933.81,34934.0,34934.0,
5388292,18123000,GOE_Q015,PRY,2015.0,GOEQUESTION,GOEQUESTION004,,,,,Medium - more than 25% less than 50% of funding,37.5,25.0,50.0,
1203486,24058922,cpmowho,KGZ,1997.0,WEALTHDECILE,WEALTHDECILE02,,,,,46.1 [37.5-54.9],46.0548,37.48847,54.8607,
6232246,24171717,wast5,TTO,2006.0,RESIDENCEAREATYPE,URB,,,,,No data,,,,Not available.
820975,19606007,AIR_5,LCA,2016.0,SEX,MLE,ENVCAUSE,ENVCAUSE068,,,2 [1–3],1.96191,1.06941,3.01942,
6065519,23750046,carep,SENDHS201611,2016.0,,,,,,,No data,,,,Not reported - Estimate is based on fewer than 25 cases.
528217,16616193,NCD_BMI_PLUS2C,VNM,1987.0,SEX,BTSX,AGEGROUP,YEARS10-19,,,0.0 [0.0-0.0],0.0,0.0,0.0,
4787498,24176322,TB_effective_treatment_coverage,SGP,2016.0,,,,,,,68.7,68.7,68.7,68.7,
4985394,24722234,LIFE_0000000032,SDN,2019.0,SEX,FMLE,AGEGROUP,AGE65-69,,,8301.935581,8301.93558,8301.935581,8301.935581,
548255,16636231,NCD_BMI_PLUS2C,LAO,1991.0,SEX,FMLE,AGEGROUP,YEARS10-19,,,0.1 [0.0-0.3],0.1,0.0,0.3,
1223459,24098615,ort,PER,2014.0,WEALTHDECILE,WEALTHDECILE05,,,,,52.4 [39.1-65.5],52.44983,39.0942,65.46398,
4472951,20499151,MORT_100,TTO,2013.0,AGEGROUP,MONTHS1-59,CHILDCAUSE,CH7,,,5.0,5.46809,5.0,5.0,
5384340,738605,CHOL_05,IDN,2008.0,SEX,MLE,AGEGROUP,AGE25-PLUS,,,6.4 [2.4-13.3],6.4,2.4,13.3,
5704019,19795198,SA_0000001538,LAO,2016.0,,,,,,,ban,,,,
3865481,17981399,MORT_200,SDG_NORAMEUR,2002.0,AGEGROUP,DAYS0-27,CHILDCAUSE,CH10,,,2.1,2.05094,2.1,2.1,
2304018,6339799,GHE_DALYNUM,REG7_AMR,2012.0,SEX,MLE,AGEGROUP,YEARS30-49,GHECAUSES,GHE024,61889.0,61889.0,61889.0,61889.0,
1810245,2833661,MORT_700,MDG_WAS,2030.0,SEX,MLE,AGEGROUP,AGEAll,GHECAUSES,GHE011,4.0,3.72475,4.0,4.0,
1075067,23822000,overwgt5,TJK,2017.0,AGEGROUP,YEARS02-05,,,,,3.3 [2.7-4.2],3.33717,2.67791,4.1518,
4221942,20248142,MORT_200,GIN,2001.0,AGEGROUP,MONTHS1-59,CHILDCAUSE,CH5,,,0.0,0.02307,0.0,0.0,
2345978,6514163,GHE_YLDNUM,WBDCP_EURCASIA,2000.0,SEX,MLE,AGEGROUP,MONTHS1-59,GHECAUSES,GHE006,0.0,0.0,0.0,0.0,
5816705,22477414,E4_intl_print,LBY,2012.0,,,,,,,Yes,,,,
5812356,22473065,E23_vending_machines,GEO,2008.0,,,,,,,Yes,,,,
1782359,2805775,MORT_600,REG7_EMR,2030.0,SEX,FMLE,AGEGROUP,YEARS05-14,GHECAUSES,GHE041,7.0,7.0,7.0,7.0,
1214297,24080968,itnwm,NAM,2013.0,WEALTHDECILE,WEALTHDECILE08,,,,,1.5 [0.2-10.2],1.52013,0.21009,10.16666,
4963741,24700581,LIFE_0000000030,TUN,2000.0,SEX,BTSX,AGEGROUP,AGE5-9,,,0.002400153,0.0024,0.002400153,0.002400153,
4399874,20426074,MORT_100,PRT,2009.0,AGEGROUP,YEARS0-4,CHILDCAUSE,CH7,,,3.0,2.51639,3.0,3.0,
547865,16635841,NCD_BMI_PLUS2C,ITA,1979.0,SEX,FMLE,AGEGROUP,YEARS10-19,,,3.0 [0.8-7.2],3.0,0.8,7.2,
1755457,2778873,MORT_600,REG6_AMR,2030.0,SEX,MLE,AGEGROUP,YEARS70+,GHECAUSES,GHE163,150.0,150.0,150.0,150.0,
5732885,19926468,SA_0000001792,FJI,2016.0,ALCOHOLTYPE,SA_WINE,,,,,No data,,,,
4523913,20673855,SDGWSHBOD,NER,2016.0,SEX,MLE,,,,,74.7,74.66392,74.7,74.7,
1906278,2929694,MORT_700,WBDCP_HIINCOME,2015.0,SEX,MLE,AGEGROUP,YEARS70+,GHECAUSES,GHE149,0.0,0.01153,0.0,0.0,
3799724,14557316,WHS7_143,WPR,1997.0,,,,,,,6.0,5.98193,6.0,6.0,
1274902,24196210,CM_01,ETH,2012.0,SEX,FMLE,,,,,102461,102461.0,92922.0,112703.0,
3257333,8071875,WHS2_131,ARE,2012.0,SEX,MLE,GHECAUSES,GHE004,,,0.1,0.08063,0.1,0.1,
5459278,6223239,GHE_DALYNUM,MDG_OCE,2012.0,SEX,MLE,AGEGROUP,YEARS05-14,GHECAUSES,GHE074, -   ,0.0,0.0,,
3823263,15828520,AIR_43,UGA,2012.0,SEX,BTSX,GHECAUSES,GHE039,,,287096.0,287095.9063,287096.0,287096.0,
2061680,5852003,MORT_400,WBDCP_EAP,2012.0,SEX,MLE,AGEGROUP,YEARS70+,GHECAUSES,GHE137,0.0,0.0,0.0,0.0,
3948404,18231111,SA_0000001400_ARCHIVED,VNM,2014.0,ALCOHOLTYPE,SA_BEER,,,,,2.31,2.31,2.31,2.31,
415099,16412353,NCD_BMI_MEANC,JAM,1975.0,SEX,MLE,AGEGROUP,YEARS10-19,,,18.5 [16.1-20.9],18.54277,16.11494,20.89138,
66472,11767072,TB_e_prev_num,ERI,2000.0,,,,,,, 7 900 [ 4 200- 13 000],7900.0,4200.0,13000.0,
512842,16600818,NCD_BMI_PLUS2C,BHR,1984.0,SEX,BTSX,AGEGROUP,YEARS05-09,,,8.4 [3.3-15.4],8.4,3.3,15.4,
3443809,9468945,MORT_300,REG7_AHIGH,2005.0,SEX,BTSX,AGEGROUP,DAYS0-27,CHILDCAUSE,CH11,11.1,11.05516,11.1,11.1,
90834,15482506,BP_03,SVK,1998.0,SEX,MLE,AGEGROUP,YEARS18-PLUS,,,39.3 [32.2-46.6],39.3,32.2,46.6,
3348861,8166190,WHS2_131,SOM,2012.0,SEX,MLE,GHECAUSES,GHE117,,,37.9,37.91619,37.9,37.9,
5742694,19966016,SA_0000001719_ARCHIVED,MOZ,2012.0,ADVERTISINGTYPE,SA_SPIRITS_ADS,,,,,no restrictions,,,,
2541236,6735060,GHE_YLDRATE,MDG_OCE,2000.0,SEX,FMLE,AGEGROUP,YEARS60-69,GHECAUSES,GHE144,22.7,22.67,22.7,22.7,
2628957,6836169,GHE_YLDRATE,REG6_WPR,2012.0,SEX,MLE,AGEGROUP,AGEAll,GHECAUSES,GHE133,212.5,212.48,212.5,212.5,
4086726,20112926,MORT_200,ARG,2008.0,AGEGROUP,MONTHS1-59,CHILDCAUSE,CH2,,,0.0,0.01406,0.0,0.0,
1189536,24031296,nmr,ETH,2011.0,WEALTHDECILE,WEALTHDECILE06,,,,,34.1 [23.5-49.1],34.05807,23.50145,49.11811,
3091592,7408480,GHE_DALYRATE,WBINC_HIINC,2000.0,SEX,MLE,AGEGROUP,YEARS70+,GHECAUSES,GHE111,233.2,233.2,233.2,233.2,
4184752,20210952,MORT_300,DNK,2012.0,AGEGROUP,DAYS0-27,CHILDCAUSE,CH2,,,0.0,0.0,0.0,0.0,
4823988,24406011,TB_hivtest_pct,DNK,2019.0,,,,,,,87.0,87.0,87.0,87.0,
3885854,18007875,HRH_24,VNM,2009.0,,,,,,,96511.0,96511.0,96511.0,96511.0,"Includes Nurse, Midwive</br> Data Source: General Statistics Office of Vientnam"
294282,16205856,NCD_BMI_25A,AFR,1992.0,SEX,FMLE,,,,,23.6 [21.3-25.9],23.6,21.3,25.9,
5968887,23025766,W25_quitline_number_C,AFG,2014.0,,,,,,,No,,,,
4568931,21171718,WSH_SANITATION_OD,PAK,2006.0,RESIDENCEAREATYPE,URB,,,,,4.0,3.7624,4.0,4.0,
48763,811478,BP_05,SVK,1984.0,SEX,MLE,AGEGROUP,AGE25-PLUS,,,138.0 [130.0-145.7],138.0,130.0,145.7,
85899,15477390,BP_04,TTO,1992.0,SEX,FMLE,AGEGROUP,YEARS18-PLUS,,,20.5 [13.4-27.9],20.5,13.4,27.9,
379317,16376571,NCD_BMI_MEANC,VEN,1977.0,SEX,FMLE,AGEGROUP,YEARS05-19,,,18.0 [15.5-20.5],18.02935,15.52996,20.4659,
2084949,5875725,MORT_400,WBDCP_SASIA,2012.0,SEX,MLE,AGEGROUP,YEARS70+,GHECAUSES,GHE159,122.3,122.3195,122.3,122.3,
1773845,2797261,MORT_600,REG7_AFR,2030.0,SEX,MLE,AGEGROUP,YEARS05-14,GHECAUSES,GHE123,3244.0,3244.0,3244.0,3244.0,
2122841,5914089,MORT_400,REG7_AFR,2012.0,SEX,FMLE,AGEGROUP,YEARS15-29,GHECAUSES,GHE129,0.0,0.03168,0.0,0.0,
5599235,15955939,RSUD_170,BWA,2014.0,RSUDREP,RSUDREP_PHARMAINDUSTRY,,,,,No data,,,,
160684,16050175,NCD_BMI_30A,FJI,1996.0,SEX,MLE,,,,,13.3 [7.8-19.7],13.3,7.8,19.7,
6137659,23968523,itnch,MDA,1997.0,SEX,MLE,,,,,No data,,,,Not available.
5684363,19760651,HRH_45,SEN,2017.0,,,,,,,No data,,,,
5773864,22431850,Camp_aud_research,ZAF,2012.0,,,,,,,Not applicable,,,,
1055415,23794415,fps,IDNDHS199419,1994.0,,,,,,,87.3 [83.7-90.2],87.0,84.0,90.0,
3275953,8091378,WHS2_131,CMR,2000.0,SEX,FMLE,GHECAUSES,GHE111,,,8.4,8.44391,8.4,8.4,
2622893,6829188,GHE_YLDRATE,REG6_SEAR,2000.0,SEX,FMLE,AGEGROUP,YEARS05-14,GHECAUSES,GHE104,0.0,0.0,0.0,0.0,
2815515,7030308,GHE_YLLNUM,REG6_EUR,2000.0,SEX,MLE,AGEGROUP,MONTHS1-59,GHECAUSES,GHE090,0.0,0.0,0.0,0.0,
1552971,308500,TOBACCO_0000000347,JAM,2010.0,SEX,FMLE,,,,,67.8,67.8,67.8,67.8,
1115889,23895082,fps,TJK,2017.0,WEALTHQUINTILE,WQ2,,,,,52.6 [47.6-57.5],52.60652,47.6358,57.52611,
3444370,9469506,MORT_300,REG7_SEAR,2003.0,SEX,BTSX,AGEGROUP,DAYS0-27,CHILDCAUSE,CH3,1.0,1.00182,1.0,1.0,
2083381,5874157,MORT_400,WBDCP_SASIA,2000.0,SEX,FMLE,AGEGROUP,YEARS60-69,GHECAUSES,GHE007,0.0,0.03744,0.0,0.0,
1854784,2878200,MORT_700,MDG_LAC,2030.0,SEX,MLE,AGEGROUP,YEARS30-49,GHECAUSES,GHE015,0.0,0.00359,0.0,0.0,
6030928,23618809,anc15,COGDHS200503,2005.0,,,,,,,No data,,,,Not available.
1011109,23668488,ort,IDNDHS199717,1997.0,,,,,,,27.9 [18.7-39.6],28.0,19.0,40.0,
206008,16096507,NCD_BMI_18A,MMR,2002.0,SEX,FMLE,,,,,19.0 [12.6-26.0],19.0,12.6,26.0,
4779084,23211580,WHS4_543,VEN,1996.0,,,,,,,90.0,90.0,90.0,90.0,
4005438,19571825,NCD_UNDER70,SDN,2015.0,SEX,MLE,,,,,64.0,64.388,64.0,64.0,
333497,16245071,NCD_BMI_25C,SRB,1979.0,SEX,FMLE,,,,,37.0 [29.7-45.2],37.0,29.7,45.2,
1801284,2824700,MORT_700,MDG_EAS,2015.0,SEX,MLE,AGEGROUP,AGEAll,GHECAUSES,GHE062,4.0,4.26801,4.0,4.0,
4963582,24700422,LIFE_0000000030,TUN,2005.0,SEX,MLE,AGEGROUP,AGE65-69,,,0.110934333,0.11093,0.110934333,0.110934333,
1288380,24209688,CM_01,PNG,1965.0,SEX,BTSX,,,,,16820,16820.0,15038.0,18930.0,
5166143,24902983,LIFE_0000000034,GRC,2010.0,SEX,BTSX,AGEGROUP,AGE75-79,,,868482.9784,868482.9784,868482.9784,868482.9784,
13784,765159,CHOL_04,ERI,1989.0,SEX,MLE,AGEGROUP,AGE25-PLUS,,,4.1 [3.5-4.6],4.1,3.5,4.6,
5520524,11500997,P1_compliance,BGR,2010.0,,,,,,,Not available,,,,Data not reported/not available
2427395,6612660,GHE_YLDNUM,WBDCP_SSA,2012.0,SEX,MLE,AGEGROUP,YEARS70+,GHECAUSES,GHE120,19371.0,19371.0,19371.0,19371.0,
1211009,24073539,vdpt,MRT,2015.0,WEALTHDECILE,WEALTHDECILE09,,,,,82.3 [74.4-88.2],82.29498,74.35931,88.1655,
3565859,12257952,MORT_500,WBDCP_HIINCOME,2000.0,SEX,FMLE,AGEGROUP,YEARS05-14,GHECAUSES,GHE034,2.0,2.0,2.0,2.0,
2607803,6811827,GHE_YLDRATE,REG6_AFR,2012.0,SEX,MLE,AGEGROUP,YEARS30-49,GHECAUSES,GHE123,1740.9,1740.85999,1740.9,1740.9,
813414,19597495,AIR_39,MOZ,2016.0,SEX,MLE,ENVCAUSE,ENVCAUSE039,,,1740 [1351–2022],1739.87085,1351.05127,2022.09778,
4534263,20739466,MH_15,HND,2014.0,,,,,,,0.112,0.1116,0.112,0.112,
3235788,7555216,GHE_YLDRATE,MDG_WAS,2012.0,SEX,BTSX,AGEGROUP,AGEAll,GHECAUSES,GHE162,29.7,29.7,29.7,29.7,
4020543,19740809,SDGSUICIDE,ARG,2016.0,SEX,MLE,AGEGROUP,YEARS15-29,,,24.8,24.8,24.8,24.8,
4586816,21713320,FINPROTECTION_IMP_BNLFHU_TOT_HH,CZE,2008.0,,,,,,,0.74,0.74,0.74,0.74,
6169299,24033182,u5mr,GMB,2005.0,WEALTHDECILE,WEALTHDECILE02,,,,,No data,,,,Not available.
4780884,23215770,SA_0000001416,HUN,2016.0,SEX,FMLE,,,,,29.7,29.7,29.7,29.7,
4893384,24582800,WHS3_62,BGR,1985.0,,,,,,,972.0,972.0,972.0,972.0,
3569008,12261101,MORT_500,WBDCP_MIDEASTNAF,2000.0,SEX,FMLE,AGEGROUP,YEARS60-69,GHECAUSES,GHE023,0.0,0.0,0.0,0.0,
3235440,7554868,GHE_YLDRATE,MDG_WAS,2000.0,SEX,BTSX,AGEGROUP,AGEAll,GHECAUSES,GHE101,27.7,27.7,27.7,27.7,
5316645,25104521,SDGIHR2018,AGO,2019.0,,,,,,,63.0,63.0,63.0,63.0,
5146038,24882878,LIFE_0000000034,IND,2019.0,SEX,MLE,AGEGROUP,AGE60-64,,,1410898.787,1410898.787,1410898.787,1410898.787,
5913486,22668602,W7_rotation_A,MHL,2007.0,,,,,,,No,,,,
3803010,14560645,WHS7_150,TCD,2007.0,,,,,,,55.57,55.57414,55.57,55.57,
4199962,20226162,MORT_300,EST,2006.0,AGEGROUP,DAYS0-27,CHILDCAUSE,CH13,,,0.0,0.02632,0.0,0.0,
5735879,19944985,SA_0000001507_ARCHIVED,KHM,2012.0,ADVERTISINGTYPE,SA_SPIRITS_ADS,,,,,no restrictions,,,,
1244334,24141482,vbcg,ZWE,2005.0,WEALTHDECILE,WEALTHDECILE02,,,,,70.0 [56.8-80.6],69.99982,56.77068,80.56639,
2932167,7148272,GHE_YLLRATE,WBINC_UMINC,2000.0,SEX,FMLE,AGEGROUP,YEARS05-14,GHECAUSES,GHE022,9.6,9.60372,9.6,9.6,
3258562,8073532,WHS2_131,AUS,2000.0,SEX,BTSX,GHECAUSES,GHE119,,,1.7,1.74875,1.7,1.7,
580685,16816081,NCD_BMI_MINUS2C,MKD,1997.0,SEX,BTSX,AGEGROUP,YEARS05-19,,,3.0 [1.2-5.9],3.0,1.2,5.9,
5856253,22524859,O_Varen_ins,EGY,2010.0,,,,,,,Not applicable,,,,
3625341,12321858,MORT_500,REG6_EMR,2012.0,SEX,MLE,AGEGROUP,DAYS0-27,GHECAUSES,GHE114,0.0,0.0,0.0,0.0,
4373137,20399337,MORT_300,NPL,2013.0,AGEGROUP,YEARS0-4,CHILDCAUSE,CH3,,,0.1,0.06872,0.1,0.1,
1145527,23946096,sba,SRB,2010.0,EDUCATIONLEVEL,SHLM,,,,,99.8 [99.5-100.0],99.84403,99.48861,99.95255,
1537701,214894,NTD_3,SYR,2010.0,,,,,,,0.0,0.0,0.0,0.0,
1693146,2716562,MORT_600,MDG_SOA,2015.0,SEX,FMLE,AGEGROUP,YEARS0-4,GHECAUSES,GHE005,6379.0,6379.0,6379.0,6379.0,
1720988,2744404,MORT_600,WBINC_UMINC,2030.0,SEX,MLE,AGEGROUP,YEARS30-49,GHECAUSES,GHE097,4811.0,4811.0,4811.0,4811.0,
1806276,2829692,MORT_700,MDG_SEA,2015.0,SEX,FMLE,AGEGROUP,AGEAll,GHECAUSES,GHE156,2.0,2.19238,2.0,2.0,
1137854,23933955,carep,MLI,2009.0,EDUCATIONLEVEL,SHLM,,,,,58.9 [44.6-71.8],58.85368,44.59218,71.7684,
2908443,7124539,GHE_YLLRATE,MDG_SSA,2000.0,SEX,MLE,AGEGROUP,AGEAll,GHECAUSES,GHE153,1954.3,1954.32495,1954.3,1954.3,
5302169,25039009,LIFE_0000000029,EUR,2010.0,SEX,MLE,AGEGROUP,AGE5-9,,,0.000234457,0.00023,0.000234457,0.000234457,
5267743,25004583,LIFE_0000000034,BLR,2000.0,SEX,FMLE,AGEGROUP,AGE15-19,,,5976905.18,5976905.18,5976905.18,5976905.18,
5280070,25016910,LIFE_0000000035,AUT,2019.0,SEX,FMLE,AGEGROUP,AGELT1,,,83.78032679,83.78033,83.78032679,83.78032679,
2213712,6230229,GHE_DALYNUM,MDG_SEA,2012.0,SEX,FMLE,AGEGROUP,YEARS60-69,GHECAUSES,GHE112,275687.0,275687.0,275687.0,275687.0,
2075359,5866135,MORT_400,WBDCP_LAC,2012.0,SEX,MLE,AGEGROUP,YEARS70+,GHECAUSES,GHE049,0.0,0.01782,0.0,0.0,
5406342,39857,DEVICES20,SYC,2010.0,,,,,,,No,0.0,0.0,,
3384114,9157963,MORT_100,COL,2012.0,AGEGROUP,MONTHS1-59,CHILDCAUSE,CH7,,,164.0,164.4891,164.0,164.0,
1724183,2747599,MORT_600,WBDCP_EAP,2015.0,SEX,FMLE,AGEGROUP,YEARS70+,GHECAUSES,GHE073,6237.0,6237.0,6237.0,6237.0,
3187691,7504579,GHE_DALYRATE,REG7_AHIGH,2000.0,SEX,FMLE,AGEGROUP,AGEAll,GHECAUSES,GHE146,118.1,118.1,118.1,118.1,
5835452,22502108,O_Bup_ins,MNE,2008.0,,,,,,,Data not available,,,,
5312578,25100253,LIFE_0000000035,WB_LI,2005.0,SEX,BTSX,AGEGROUP,AGE30-34,,,37.83315032,37.83315,37.83315032,37.83315032,
5852077,22520683,O_NRT_sold,CPV,2016.0,,,,,,,Yes,,,,
4488926,20515126,MORT_100,URY,2014.0,AGEGROUP,MONTHS1-59,CHILDCAUSE,CH3,,,4.0,4.14098,4.0,4.0,
2961494,7178680,GHE_YLLRATE,WBDCP_SASIA,2012.0,SEX,MLE,AGEGROUP,YEARS60-69,GHECAUSES,GHE100,0.0,0.0,0.0,0.0,
2577531,6776867,GHE_YLDRATE,WBDCP_EAP,2000.0,SEX,MLE,AGEGROUP,AGEAll,GHECAUSES,GHE081,173.6,173.58,173.6,173.6,
1475538,25078854,PHE_HHAIR_POP_POLLUTING_FUELS,GHA,2006.0,RESIDENCEAREATYPE,RUR,,,,,11.2,11.232,10.697,11.456,
5164710,24901550,LIFE_0000000029,GRC,2010.0,SEX,BTSX,AGEGROUP,AGE35-39,,,0.000912597,0.00091,0.000912597,0.000912597,
3520575,12209824,MORT_500,WBDCP_LAC,2000.0,SEX,MLE,AGEGROUP,YEARS30-49,GHECAUSES,GHE102,0.0,0.0,0.0,0.0,
2830629,7045422,GHE_YLLNUM,REG7_AFR,2000.0,SEX,MLE,AGEGROUP,MONTHS1-59,GHECAUSES,GHE030,13097.0,13097.0,13097.0,13097.0,
5918321,22683650,Yth_nonsmoked_svy_title,GRC,2018.0,,,,,,,Global Youth Tobacco Survey,,,,
4418553,20444753,MORT_200,SEN,2013.0,AGEGROUP,DAYS0-27,CHILDCAUSE,CH11,,,6.1,6.13934,6.1,6.1,
105712,15497712,BP_06,KEN,1981.0,SEX,MLE,AGEGROUP,YEARS18-PLUS,,,125.1 [121.0-129.2],125.1,121.0,129.2,
3488742,12176095,MORT_500,MDG_NAF,2000.0,SEX,BTSX,AGEGROUP,AGEAll,GHECAUSES,GHE021,3665.0,3665.0,3665.0,3665.0,
512024,16600000,NCD_BMI_PLUS2C,URY,2006.0,SEX,BTSX,AGEGROUP,YEARS05-19,,,10.8 [5.4-17.5],10.8,5.4,17.5,
1633338,2656754,MORT_600,MDG_SSA,2015.0,SEX,BTSX,AGEGROUP,AGEAll,GHECAUSES,GHE070,51249.0,51249.0,51249.0,51249.0,
5851286,22519892,O_NRT_ins,MWI,2016.0,,,,,,,Not applicable,,,,
4249502,20275702,MORT_100,IDN,2003.0,AGEGROUP,YEARS0-4,CHILDCAUSE,CH16,,,10963.0,10963.1,10963.0,10963.0,
2447789,6634917,GHE_YLDNUM,WBDCP_MIDEASTNAF,2012.0,SEX,FMLE,AGEGROUP,YEARS30-49,GHECAUSES,GHE101,6036.0,6036.0,6036.0,6036.0,
5660470,18109171,NCD_CCS_UrineAlbumin,BFA,2017.0,,,,,,,Yes,,,,
2011635,5801501,MORT_400,MDG_NAF,2000.0,SEX,MLE,AGEGROUP,YEARS15-29,GHECAUSES,GHE031,0.0,0.0,0.0,0.0,
5519506,11499971,P8_compliance,NIU,2012.0,,,,,,,Not available,,,,Data not reported/not available
4765705,23181327,WHS4_544,MNG,1985.0,,,,,,,86.0,86.0,86.0,86.0,
3806308,14795733,WHS9_96,TZA,1960.0,,,,,,,5.2,5.246,5.2,5.2,
4831617,24413675,TB_new_ep,MNG,2018.0,,,,,,,1394.0,1394.0,1394.0,1394.0,
3584648,12278005,MORT_500,REG7_SEAR,2000.0,SEX,FMLE,AGEGROUP,MONTHS1-59,GHECAUSES,GHE021,11948.0,11948.0,11948.0,11948.0,
5552471,15027014,NCD_CCS_cervicalcancermethod,DJI,2015.0,,,,,,,No data received,,,,
6147378,23990785,wast5,BGD,2007.0,WEALTHDECILE,WEALTHDECILE05,,,,,No data,,,,Not available.
4461351,20487551,MORT_200,THA,2011.0,AGEGROUP,MONTHS1-59,CHILDCAUSE,CH6,,,0.0,0.04797,0.0,0.0,
5604181,15982114,RSUD_360,COM,2014.0,RSUDTREATMENTLOCATION,IN_OTHER_MAJOR_CITIES,,,,,No data,,,,
1693141,2716557,MORT_600,MDG_SOA,2015.0,SEX,FMLE,AGEGROUP,YEARS0-4,GHECAUSES,GHE015,21562.0,21562.0,21562.0,21562.0,
4899174,24588590,WHS3_41,NZL,2019.0,,,,,,,1.0,1.0,1.0,1.0,
3436663,9461799,MORT_300,WBDCP_EAP,2000.0,SEX,BTSX,AGEGROUP,DAYS0-27,CHILDCAUSE,CH15,9.6,9.58797,9.6,9.6,
5488011,11046930,NCD_CCS_Aspirin,GAB,2013.0,,,,,,,Yes,,,,
838982,19624014,AIR_90,GNQ,2016.0,SEX,MLE,ENVCAUSE,ENVCAUSE118,,,224 [133–322],223.97716,132.9321,322.29172,
5924107,22693335,Adult_daily_cig_smoking,ARE,2018.0,SEX,MLE,,,,,Data not available,,,,
3522434,12211683,MORT_500,WBDCP_SASIA,2000.0,SEX,MLE,AGEGROUP,DAYS0-27,GHECAUSES,GHE065,0.0,0.0,0.0,0.0,
3383669,9154619,MORT_100,SRB,2011.0,AGEGROUP,YEARS0-4,CHILDCAUSE,CH2,,,0.0,0.0,0.0,0.0,
3508705,12196690,MORT_500,MDG_SOA,2000.0,SEX,MLE,AGEGROUP,MONTHS1-59,GHECAUSES,GHE082,56.0,56.0,56.0,56.0,
166516,16056007,NCD_BMI_30C,ARG,1990.0,SEX,BTSX,,,,,16.6 [13.3-20.3],16.6,13.3,20.3,
512806,16600782,NCD_BMI_PLUS2C,BHS,1990.0,SEX,BTSX,AGEGROUP,YEARS05-09,,,10.2 [3.6-19.7],10.2,3.6,19.7,
4347139,20373339,MORT_300,MRT,2004.0,AGEGROUP,DAYS0-27,CHILDCAUSE,CH15,,,0.0,0.04511,0.0,0.0,
5882389,22555986,R_afford_gdp,BFA,2007.0,,,,,,,Data not available,,,,
2523629,6714929,GHE_YLDRATE,MDG_DEV,2000.0,SEX,MLE,AGEGROUP,YEARS60-69,GHECAUSES,GHE079,312.4,312.37,312.4,312.4,
2254123,6279028,GHE_DALYNUM,WBDCP_HIINCOME,2012.0,SEX,MLE,AGEGROUP,YEARS15-29,GHECAUSES,GHE089,17673.0,17673.0,17673.0,17673.0,
1607322,2203266,TB_ret_taf,TGO,2006.0,,,,,,,37.0,37.0,37.0,37.0,
6168636,24032045,overwgt5,GAB,2000.0,WEALTHDECILE,WEALTHDECILE05,,,,,No data,,,,Not available.
941834,22961019,M_Est_tob_curr,USA,2007.0,SEX,BTSX,,,,,28.3 [23.5-34.0],28.3,23.5,34.0,
255233,16165799,NCD_BMI_MEAN,GNB,2003.0,SEX,FMLE,AGEGROUP,YEARS18-PLUS,,,22.8 [21.7-24.0],22.8,21.7,24.0,
1228897,24108853,anc1,SEN,2012.0,WEALTHDECILE,WEALTHDECILE03,,,,,92.0 [88.3-94.6],91.9685,88.299,94.55815,
6003427,23089454,HIV_0000000024,PRK,2006.0,,,,,,,No data,,,,
4955872,24692712,LIFE_0000000031,UKR,2000.0,SEX,MLE,AGEGROUP,AGE85PLUS,,,7502.158746,7502.15875,7502.158746,7502.158746,
4729321,23059445,W3_pc_front_A,BFA,2018.0,,,,,,,60.0,60.0,60.0,60.0,
3231699,7551127,GHE_YLDRATE,MDG_LAC,2000.0,SEX,BTSX,AGEGROUP,AGEAll,GHECAUSES,GHE010,32.5,32.5,32.5,32.5,
283808,16194374,NCD_BMI_MEANC,UGA,1976.0,SEX,FMLE,AGEGROUP,YEARS18-PLUS,,,19.5 [17.5-21.5],19.5,17.5,21.5,
1160521,23969516,ort,SLE,2005.0,SEX,FMLE,,,,,31.9 [26.8-37.4],31.87422,26.8486,37.36011,
2798381,7012963,GHE_YLLNUM,WBDCP_SSA,2012.0,SEX,MLE,AGEGROUP,YEARS15-29,GHECAUSES,GHE125,696392.0,696392.0,696392.0,696392.0,
6105912,23879371,anc45,NGA,2007.0,WEALTHQUINTILE,WQ1,,,,,No data,,,,Not available.
1337145,24258453,CM_03,QAT,1996.0,SEX,BTSX,,,,,85,85.0,78.0,92.0,
6068637,23758889,cci,SYRMICS200604,2006.0,,,,,,,No data,,,,Not calculated.
1420900,24358233,MDG_0000000017,KHM,2006.0,,,,,,,30 [22-40],30.0,22.0,40.0,
896146,22378912,SA_0000001400,PAN,2007.0,ALCOHOLTYPE,SA_WINE,,,,,0.21,0.20513,0.12383,0.28143,
4089180,20115380,MORT_200,ARM,2009.0,AGEGROUP,DAYS0-27,CHILDCAUSE,CH10,,,4.2,4.17918,4.2,4.2,
2649446,6859725,GHE_YLDRATE,REG7_AHIGH,2012.0,SEX,MLE,AGEGROUP,YEARS70+,GHECAUSES,GHE147,613.8,613.81,613.8,613.8,
5587700,15940715,RSUD_400,ATG,2014.0,RSUDMAINSUBSTANCEATTREATMENT,SECOND_MAIN,,,,,No data,,,,
1694721,2718137,MORT_600,MDG_SOA,2030.0,SEX,MLE,AGEGROUP,YEARS50-69,GHECAUSES,GHE143,154.0,154.0,154.0,154.0,
4308871,20335071,MORT_300,LTU,2007.0,AGEGROUP,DAYS0-27,CHILDCAUSE,CH3,,,0.0,0.0,0.0,0.0,
3006663,7224940,GHE_YLLRATE,REG7_EMR,2000.0,SEX,FMLE,AGEGROUP,YEARS70+,GHECAUSES,GHE066,561.4,561.40302,561.4,561.4,
2230339,6250476,GHE_DALYNUM,WBINC_HIINC,2012.0,SEX,FMLE,AGEGROUP,YEARS60-69,GHECAUSES,GHE135,297049.0,297049.0,297049.0,297049.0,
5916144,22676720,W9_no_obscure_A,LKA,2016.0,,,,,,,Yes,,,,
5096640,24833480,LIFE_0000000035,MYS,2019.0,SEX,BTSX,AGEGROUP,AGE70-74,,,12.5388585,12.53886,12.5388585,12.5388585,
2697227,6911175,GHE_YLLNUM,MDG_CCA,2000.0,SEX,FMLE,AGEGROUP,YEARS70+,GHECAUSES,GHE089,160.0,160.0,160.0,160.0,
2774600,6988970,GHE_YLLNUM,WBDCP_EURCASIA,2012.0,SEX,FMLE,AGEGROUP,YEARS15-29,GHECAUSES,GHE148,0.0,0.0,0.0,0.0,
4397584,20423784,MORT_300,PRK,2009.0,AGEGROUP,DAYS0-27,CHILDCAUSE,CH5,,,0.0,0.00288,0.0,0.0,
5997693,23060507,W3_pc_front_A,SWZ,2012.0,,,,,,,Not applicable,,,,
5086480,24823320,LIFE_0000000035,MUS,2000.0,SEX,FMLE,AGEGROUP,AGE1-4,,,74.8541628,74.85416,74.8541628,74.8541628,
2025829,5815695,MORT_400,MDG_SOA,2000.0,SEX,MLE,AGEGROUP,YEARS15-29,GHECAUSES,GHE005,0.1,0.06761,0.1,0.1,
1625989,2649405,MORT_600,MDG_EAS,2015.0,SEX,MLE,AGEGROUP,AGEAll,GHECAUSES,GHE147,11.0,11.0,11.0,11.0,
3090421,7407309,GHE_DALYRATE,MDG_WAS,2012.0,SEX,FMLE,AGEGROUP,AGEAll,GHECAUSES,GHE040,28.5,28.5,28.5,28.5,
4455560,20481760,MORT_100,TCD,2001.0,AGEGROUP,DAYS0-27,CHILDCAUSE,CH7,,,426.0,426.1918,426.0,426.0,
2023357,5813223,MORT_400,MDG_SEA,2012.0,SEX,MLE,AGEGROUP,YEARS05-14,GHECAUSES,GHE067,0.0,0.0,0.0,0.0,
2336489,6504674,GHE_YLDNUM,MDG_OCE,2012.0,SEX,FMLE,AGEGROUP,YEARS05-14,GHECAUSES,GHE128,0.0,0.0,0.0,0.0,
4702418,22562883,R_imp_duty_estimate,SVK,2014.0,,,,,,,0.0,0.0,0.0,0.0,
5666574,18115495,NCD_CCS_Metformin,SVK,2017.0,,,,,,,No,,,,
6098241,23855399,vita,GIN,1999.0,WEALTHQUINTILE,WQ4,,,,,No data,,,,Not available.
3128664,7445552,GHE_DALYRATE,WBDCP_MIDEASTNAF,2000.0,SEX,MLE,AGEGROUP,YEARS05-14,GHECAUSES,GHE053,0.4,0.4,0.4,0.4,
5070344,24807184,LIFE_0000000034,NAM,2000.0,SEX,BTSX,AGEGROUP,AGE70-74,,,283874.9275,283874.9275,283874.9275,283874.9275,
648913,16999890,BP_04,EMR,1978.0,SEX,BTSX,AGEGROUP,YEARS18-PLUS,,,29.6 [24.6-34.7],29.6,24.6,34.7,
6050561,23685059,anc45,LAOMICS201105,2011.0,,,,,,,No data,,,,Not available.
5366900,25213218,GHED_PVT-D_pc_PPP_SHA2011,NAM,2001.0,,,,,,,225.17,225.17,225.17,225.17,
3428719,9453225,MORT_200,REG7_AHIGH,2005.0,AGEGROUP,DAYS0-27,CHILDCAUSE,CH6,,,0.0,0.0,0.0,0.0,
4625698,22109895,HWF_0008,BRN,2005.0,,,,,,,2006.0,2006.0,2006.0,2006.0,
500307,16588283,NCD_BMI_MINUS2C,AFR,2007.0,SEX,BTSX,AGEGROUP,YEARS05-19,,,9.6 [8.0-11.3],9.6,8.0,11.3,
2233666,6254453,GHE_DALYNUM,WBINC_LOINC,2012.0,SEX,MLE,AGEGROUP,YEARS70+,GHECAUSES,GHE162,14790.0,14790.0,14790.0,14790.0,
6132931,23953308,fpsmowho,VNM,2002.0,EDUCATIONLEVEL,SHLM,,,,,No data,,,,Not available.
4254312,20280512,MORT_200,IRL,2006.0,AGEGROUP,DAYS0-27,CHILDCAUSE,CH3,,,0.0,0.0,0.0,0.0,
2926135,7142239,GHE_YLLRATE,WBINC_LOINC,2012.0,SEX,FMLE,AGEGROUP,AGEAll,GHECAUSES,GHE157,457.1,457.09229,457.1,457.1,
2431500,6617197,GHE_YLDNUM,WBINC_HIINC,2000.0,SEX,MLE,AGEGROUP,YEARS70+,GHECAUSES,GHE115,15362.0,15362.0,15362.0,15362.0,
4710755,22655591,W4_pc_back_A,AUS,2010.0,,,,,,,90.0,90.0,90.0,90.0,
3949269,18231981,SA_0000001400_ARCHIVED,COD,1970.0,ALCOHOLTYPE,SA_SPIRITS,,,,,0.0,0.0,0.0,0.0,
1981302,4740418,IHR01,WSM,2012.0,,,,,,,75.0,75.0,75.0,75.0,
4257380,20283580,MORT_100,IRN,2012.0,AGEGROUP,DAYS0-27,CHILDCAUSE,CH9,,,749.0,748.525,749.0,749.0,
4299795,20325995,MORT_200,LBY,2007.0,AGEGROUP,YEARS0-4,CHILDCAUSE,CH2,,,0.0,0.0,0.0,0.0,
1695515,2718931,MORT_600,MDG_SOA,2030.0,SEX,FMLE,AGEGROUP,YEARS30-49,GHECAUSES,GHE079,3036.0,3036.0,3036.0,3036.0,
2722898,6937055,GHE_YLLNUM,MDG_OCE,2012.0,SEX,MLE,AGEGROUP,YEARS15-29,GHECAUSES,GHE057,0.0,0.0,0.0,0.0,
2074814,5865590,MORT_400,WBDCP_LAC,2012.0,SEX,MLE,AGEGROUP,YEARS15-29,GHECAUSES,GHE136,0.0,0.0013,0.0,0.0,
1149125,23952562,nmr,TZA,2015.0,EDUCATIONLEVEL,NHLM,,,,,19.9 [15.2-26.0],19.929,15.22949,26.04035,
1996044,5785452,MORT_400,MDG_CCA,2012.0,SEX,MLE,AGEGROUP,YEARS60-69,GHECAUSES,GHE104,0.0,0.0,0.0,0.0,
6000756,23081856,HIV_0000000006,SVK,2001.0,,,,,,,No data,,,,
4582774,21429890,WHS3_49,LAO,2013.0,,,,,,,0.0,0.0,0.0,0.0,
2867403,7082409,GHE_YLLRATE,MGHE_GLOBAL,2000.0,SEX,FMLE,AGEGROUP,YEARS50-69,GHECAUSES,GHE051,0.0,0.01516,0.0,0.0,
2317968,6356810,GHE_DALYNUM,REG7_AHIGH,2012.0,SEX,FMLE,AGEGROUP,YEARS70+,GHECAUSES,GHE135,515641.0,515641.0,515641.0,515641.0,
3429777,9454283,MORT_200,REG7_WPR,2001.0,AGEGROUP,YEARS0-4,CHILDCAUSE,CH13,,,2.5,2.49009,2.5,2.5,
2393329,6573846,GHE_YLDNUM,MDG_NAF,2012.0,SEX,FMLE,AGEGROUP,YEARS30-49,GHECAUSES,GHE152,140936.0,140936.0,140936.0,140936.0,
146175,16035666,NCD_BMI_30A,LBR,1977.0,SEX,BTSX,,,,,1.5 [0.7-2.7],1.5,0.7,2.7,
2064035,5854358,MORT_400,WBDCP_EURCASIA,2000.0,SEX,MLE,AGEGROUP,YEARS70+,GHECAUSES,GHE122,36.9,36.87706,36.9,36.9,
3904044,18146503,SDG_SH_DTH_RNCOM,CZE,2010.0,SEX,FMLE,GHECAUSES,GHE110,,,29345.0,29345.0,29345.0,29345.0,"Global Health Estimates 2016: Deaths by Cause, Age, Sex, by Country and by Region, 2000-2016. Geneva, World Health Organization, 2018"
1504300,25244034,wast5,SRBMICS201002,2010.0,,,,,,,4.9 [2.5-9.3],4.89146,2.52455,9.26654,
3866517,17982435,MORT_200,SDG_OCEANIAexAUSNZL,2009.0,AGEGROUP,MONTHS1-59,CHILDCAUSE,CH5,,,0.0,0.0058,0.0,0.0,
14002,765377,CHOL_04,GEO,2004.0,SEX,MLE,AGEGROUP,AGE25-PLUS,,,4.6 [4.0-5.1],4.6,4.0,5.1,
1377508,24298816,MDG_0000000007,BRN,2016.0,SEX,FMLE,,,,,9.7,9.73536,8.99835,10.52534,
731855,17732310,stunt3,COM,2012.0,WEALTHQUINTILE,WQ5,,,,,21.7 [15.6-29.4],21.70907,15.55972,29.44135,
982875,23232557,SDGHIV,AMR,2014.0,SEX,FMLE,,,,,0.09 [0.06-0.13],0.09,0.06,0.13,
3542378,12233049,MORT_500,WBDCP_EAP,2000.0,SEX,FMLE,AGEGROUP,AGEAll,GHECAUSES,GHE101,10602.0,10602.0,10602.0,10602.0,
4137104,20163304,MORT_100,BWA,2011.0,AGEGROUP,DAYS0-27,CHILDCAUSE,CH16,,,0.0,0.2057,0.0,0.0,
2776466,6990836,GHE_YLLNUM,WBDCP_HIINCOME,2000.0,SEX,MLE,AGEGROUP,YEARS70+,GHECAUSES,GHE118,2295201.0,2295201.0,2295201.0,2295201.0,
3460713,10251721,IHR04,IRQ,2010.0,,,,,,,75.0,75.0,75.0,75.0,
2396834,6577974,GHE_YLDNUM,WBDCP_LAC,2000.0,SEX,MLE,AGEGROUP,YEARS70+,GHECAUSES,GHE105,112916.0,112916.0,112916.0,112916.0,
4461841,20488041,MORT_300,THA,2015.0,AGEGROUP,YEARS0-4,CHILDCAUSE,CH3,,,0.0,0.02628,0.0,0.0,
612144,16847540,NCD_BMI_MINUS2C,JPN,1998.0,SEX,FMLE,AGEGROUP,YEARS05-09,,,1.2 [0.8-1.6],1.2,0.8,1.6,
5095786,24832626,LIFE_0000000031,MYS,2019.0,SEX,BTSX,AGEGROUP,AGE75-79,,,58069.62354,58069.62354,58069.62354,58069.62354,
612392,16847788,NCD_BMI_MINUS2C,KGZ,1994.0,SEX,FMLE,AGEGROUP,YEARS05-09,,,3.6 [0.8-8.9],3.6,0.8,8.9,
5463603,6247181,GHE_DALYNUM,WBINC_HIINC,2000.0,SEX,FMLE,AGEGROUP,MONTHS1-59,GHECAUSES,GHE158, -   ,0.0,0.0,,
1018284,23689516,vbcg,LBRDHS200705,2007.0,,,,,,,49.6 [40.8-58.3],50.0,41.0,58.0,
2690656,6904391,GHE_YLLNUM,MGHE_GLOBAL,2000.0,SEX,MLE,AGEGROUP,YEARS30-49,GHECAUSES,GHE099,47.0,47.0,47.0,47.0,
2030321,5820187,MORT_400,MDG_SSA,2000.0,SEX,BTSX,AGEGROUP,AGEAll,GHECAUSES,GHE079,1.8,1.8334,1.8,1.8,
5019821,24756661,LIFE_0000000031,VCT,2005.0,SEX,FMLE,AGEGROUP,AGE60-64,,,84794.66065,84794.66065,84794.66065,84794.66065,
1014864,23678259,cpmt,JORDHS201701,2017.0,,,,,,,51.4 [48.1-54.8],51.0,48.0,55.0,
3369900,9035793,MORT_100,TON,2013.0,AGEGROUP,MONTHS1-59,CHILDCAUSE,CH13,,,1.0,1.08977,1.0,1.0,
3070242,7387130,GHE_DALYRATE,MDG_OCE,2012.0,SEX,MLE,AGEGROUP,YEARS70+,GHECAUSES,GHE091,0.0,0.0,0.0,0.0,
1574088,956657,SA_0000001679,EST,2005.0,,,,,,,231.0,231.0,231.0,231.0,
2506851,6696656,GHE_YLDNUM,WBINC_LOINC,2012.0,SEX,FMLE,AGEGROUP,YEARS60-69,GHECAUSES,GHE024,17.0,17.0,17.0,17.0,
1938437,2961853,MORT_700,REG6_EUR,2030.0,SEX,MLE,AGEGROUP,YEARS70+,GHECAUSES,GHE026,0.0,0.0887,0.0,0.0,
4472092,20498292,MORT_300,TTO,2006.0,AGEGROUP,YEARS0-4,CHILDCAUSE,CH9,,,0.1,0.0555,0.1,0.1,
4114307,20140507,MORT_100,BHR,2010.0,AGEGROUP,DAYS0-27,CHILDCAUSE,CH17,,,2.0,1.5122,2.0,2.0,
2702911,6916859,GHE_YLLNUM,MDG_DEV,2012.0,SEX,MLE,AGEGROUP,YEARS15-29,GHECAUSES,GHE085,2302.0,2302.0,2302.0,2302.0,
3473189,11286018,E10_compliance,LUX,2014.0,,,,,,,8.0,8.0,8.0,8.0,
124668,15965880,ANEMIAU5,CAN,2007.0,,,,,,,8.8 [5.6-18.6],8.8209,5.5537,18.6483,
3533161,12223674,MORT_500,REG7_AMR,2000.0,SEX,MLE,AGEGROUP,YEARS30-49,GHECAUSES,GHE042,0.0,0.0,0.0,0.0,
1916411,2939827,MORT_700,WBDCP_MIDEASTNAF,2030.0,SEX,FMLE,AGEGROUP,YEARS50-69,GHECAUSES,GHE153,19.0,18.6574,19.0,19.0,
2970750,7187940,GHE_YLLRATE,REG6_AFR,2012.0,SEX,MLE,AGEGROUP,YEARS50-69,GHECAUSES,GHE032,47.4,47.43784,47.4,47.4,
2032458,5822324,MORT_400,MDG_SSA,2000.0,SEX,FMLE,AGEGROUP,YEARS70+,GHECAUSES,GHE162,9.2,9.19231,9.2,9.2,
3692767,12998313,MORT_200,UNICEF_WCARO,2013.0,AGEGROUP,YEARS0-4,CHILDCAUSE,CH2,,,2.5,2.49117,2.5,2.5,
1301984,24223292,CM_02,CAN,2009.0,SEX,BTSX,,,,,1844,1844.0,1812.0,1876.0,
4115009,20141209,MORT_100,BHR,2016.0,AGEGROUP,DAYS0-27,CHILDCAUSE,CH10,,,35.0,35.23662,35.0,35.0,
3878172,17998377,HRH_05,BGD,2011.0,,,,,,,52505.0,52505.0,52505.0,52505.0,
4162965,20189165,MORT_200,COM,2001.0,AGEGROUP,MONTHS1-59,CHILDCAUSE,CH3,,,12.9,12.85778,12.9,12.9,
5398914,23108077,HIV_0000000021,MAR,1991.0,,,,,,,<100 [<100-<200],100.0,100.0,200.0,
3901787,18144246,SDG_SH_DTH_RNCOM,ARG,2016.0,SEX,BTSX,GHECAUSES,GHE061,,,65657.0,65657.0,65657.0,65657.0,"Global Health Estimates 2016: Deaths by Cause, Age, Sex, by Country and by Region, 2000-2016. Geneva, World Health Organization, 2018"
5755533,20560614,NTD_LEPR2,GAB,2013.0,,,,,,,No data,,,,
1457620,25060936,PHE_HHAIR_POP_CLEAN_FUELS,ISL,2004.0,RESIDENCEAREATYPE,URB,,,,,0.3,0.27,0.27,0.27,
6037777,23636158,asfr1,DOMMICS201409,2014.0,,,,,,,No data,,,,Not available.
3880806,18001011,HRH_15,MAR,2004.0,,,,,,,3091.0,3091.0,3091.0,3091.0,
3312944,8129350,WHS2_131,LAO,2000.0,SEX,FMLE,GHECAUSES,GHE115,,,8.7,8.65482,8.7,8.7,
4331995,20358195,MORT_300,MKD,2010.0,AGEGROUP,MONTHS1-59,CHILDCAUSE,CH11,,,0.0,0.0,0.0,0.0,
770307,17861324,mslv,NAMDHS200005,2000.0,,,,,,,87.8 [77.6-93.8],87.83728,77.59259,93.77392,
1688055,2711471,MORT_600,MDG_OCE,2030.0,SEX,FMLE,AGEGROUP,YEARS50-69,GHECAUSES,GHE124,111.0,111.0,111.0,111.0,
5747970,19993817,SA_0000001534_ARCHIVED,ZAF,2012.0,ALCOHOLTYPE,SA_BEER,,,,,No,,,,
1194214,24040135,anc4,GIN,2012.0,WEALTHDECILE,WEALTHDECILE05,,,,,50.3 [44.3-56.3],50.29456,44.30057,56.28009,
5283852,25020692,LIFE_0000000034,ARM,2015.0,SEX,BTSX,AGEGROUP,AGE1-4,,,7352280.76,7352280.76,7352280.76,7352280.76,
412,1837,MDG_0000000034,LBR,2009.0,,,,,,,20 [15-27],20.0,15.0,27.0,
5803647,22464356,E17b_csr_promo_self,USA,2007.0,,,,,,,No,,,,
4761938,23173062,WHS4_100,LBY,2008.0,,,,,,,98.0,98.0,98.0,98.0,
4960883,24697723,LIFE_0000000035,TKM,2019.0,SEX,FMLE,AGEGROUP,AGE60-64,,,20.11185929,20.11186,20.11185929,20.11185929,
2193821,6205309,GHE_DALYNUM,MDG_EAS,2000.0,SEX,MLE,AGEGROUP,DAYS0-27,GHECAUSES,GHE156,5429.0,5429.0,5429.0,5429.0,
1389757,24311065,MDG_0000000007,KOR,1964.0,SEX,MLE,,,,,96.3,96.26807,87.88652,105.46248,
2304468,6340426,GHE_DALYNUM,REG7_AMR,2012.0,SEX,FMLE,AGEGROUP,DAYS0-27,GHECAUSES,GHE019,145.0,145.0,145.0,145.0,
775912,17880916,bcgv,PHLDHS199805,1998.0,,,,,,,87.4 [76.8-93.5],87.36842,76.83693,93.51568,
1826648,2850064,MORT_700,REG6_WPR,2030.0,SEX,FMLE,AGEGROUP,AGEAll,GHECAUSES,GHE146,1.0,0.61439,1.0,1.0,
3505402,12193387,MORT_500,MDG_NAF,2000.0,SEX,MLE,AGEGROUP,YEARS30-49,GHECAUSES,GHE097,312.0,312.0,312.0,312.0,
4994454,24731294,LIFE_0000000034,ZAF,2005.0,SEX,FMLE,AGEGROUP,AGE50-54,,,1305821.845,1305821.845,1305821.845,1305821.845,
4211188,20237388,MORT_300,FSM,2005.0,AGEGROUP,MONTHS1-59,CHILDCAUSE,CH15,,,0.1,0.07212,0.1,0.1,
6118868,23916702,itnch,COM,2000.0,EDUCATIONLEVEL,SHLM,,,,,No data,,,,Not available.
1368013,24289321,MDG_0000000001,SYC,2017.0,SEX,BTSX,,,,,12.7,12.66157,10.20354,15.63492,
5469999,6290069,GHE_DALYNUM,WBDCP_MIDEASTNAF,2012.0,SEX,FMLE,AGEGROUP,MONTHS1-59,GHECAUSES,GHE070, -   ,0.0,0.0,,
5435437,995004,RSUD_88,COG,2008.0,GROUP,LAW_ENFORCEMENT_AGENCIES,,,,,no,,,,
2844499,7059504,GHE_YLLNUM,REG7_EMR,2012.0,SEX,FMLE,AGEGROUP,YEARS05-14,GHECAUSES,GHE056,906.0,906.0,906.0,906.0,
3237061,7556489,GHE_YLDRATE,WBINC_LOINC,2012.0,SEX,MLE,AGEGROUP,AGEAll,GHECAUSES,GHE002,1582.2,1582.19995,1582.2,1582.2,
231993,16122492,NCD_BMI_18C,SUR,1989.0,SEX,FMLE,,,,,5.8 [2.5-10.9],5.8,2.5,10.9,
637322,16872718,NCD_BMI_MINUS2C,MDA,1976.0,SEX,MLE,AGEGROUP,YEARS05-09,,,5.1 [0.6-15.9],5.1,0.6,15.9,
5427849,961986,RSUD_19,IRN,2008.0,,,,,,,yes,,,,
4217422,20243622,MORT_300,GEO,2001.0,AGEGROUP,DAYS0-27,CHILDCAUSE,CH7,,,0.0,0.0044,0.0,0.0,
1693588,2717004,MORT_600,MDG_SOA,2015.0,SEX,FMLE,AGEGROUP,YEARS30-49,GHECAUSES,GHE098,326.0,326.0,326.0,326.0,
122242,15963454,ANEMIANPW,NAM,2011.0,,,,,,,25.3 [17.6-34.6],25.3106,17.6399,34.6172,
5261645,24998485,LIFE_0000000033,BEN,2019.0,SEX,BTSX,AGEGROUP,AGE20-24,,,440921.6379,440921.6379,440921.6379,440921.6379,
5961949,23016148,W9_no_obscure_B,CYP,2014.0,,,,,,,No,,,,
1814381,2837797,MORT_700,WBDCP_EAP,2015.0,SEX,BTSX,AGEGROUP,AGEAll,GHECAUSES,GHE039,23.0,23.37375,23.0,23.0,
2795770,7010352,GHE_YLLNUM,WBDCP_SSA,2000.0,SEX,MLE,AGEGROUP,YEARS15-29,GHECAUSES,GHE036,0.0,0.0,0.0,0.0,
1427119,24364452,TB_1,BGR,2015.0,,,,,,,80 [63-100],80.0,63.0,100.0,
4546092,21148382,WSH_WATER_BASIC,NRU,2010.0,RESIDENCEAREATYPE,URB,,,,,98.0,98.2465,98.0,98.0,
4589344,21720595,WHS3_45,IRN,2011.0,,,,,,,36.0,36.0,36.0,36.0,
5101092,24837932,LIFE_0000000032,LUX,2019.0,SEX,FMLE,AGEGROUP,AGE5-9,,,16.5102931,16.51029,16.5102931,16.5102931,
1609305,2212438,TB_ret_taf,GTM,2011.0,,,,,,,14.0,14.0,14.0,14.0,
1189742,24031562,cpmowho,ETH,2016.0,WEALTHDECILE,WEALTHDECILE02,,,,,24.1 [20.0-28.7],24.09113,19.98744,28.73478,
1429635,24366968,TB_1,RUS,2002.0,,,,,,,99 [69-150],99.0,69.0,150.0,
3360549,8178177,WHS2_131,TZA,2000.0,SEX,FMLE,GHECAUSES,GHE126,,,44.9,44.86051,44.9,44.9,
72852,15464104,BP_04,DJI,2005.0,SEX,MLE,AGEGROUP,YEARS18-PLUS,,,31.3 [22.9-40.6],31.3,22.9,40.6,
5208698,24945538,LIFE_0000000032,CZE,2010.0,SEX,MLE,AGEGROUP,AGE50-54,,,3290.369481,3290.36948,3290.369481,3290.369481,
4816975,24383808,TB_c_ret_tsr,BIH,2004.0,,,,,,,92.0,92.0,92.0,92.0,
3963504,19133342,WHOSIS_000004,EUR,2004.0,SEX,BTSX,,,,,162.0,162.0591,162.0,162.0,
3284814,8100480,WHS2_131,DOM,2012.0,SEX,FMLE,GHECAUSES,GHE025,,,0.0,0.04949,0.0,0.0,
3009111,7227389,GHE_YLLRATE,REG7_EMR,2012.0,SEX,FMLE,AGEGROUP,YEARS70+,GHECAUSES,GHE145,3.7,3.71321,3.7,3.7,
5219874,24956714,LIFE_0000000034,CRI,2000.0,SEX,FMLE,AGEGROUP,AGE70-74,,,1329912.807,1329912.807,1329912.807,1329912.807,
1029094,23719395,ort,PAKDHS201703,2017.0,,,,,,,28.7 [23.7-34.3],29.0,24.0,34.0,
5210244,24947084,LIFE_0000000035,CZE,2015.0,SEX,FMLE,AGEGROUP,AGE85PLUS,,,5.479590298,5.47959,5.479590298,5.479590298,
6028627,23611276,asfr1,CAFMICS200013,2000.0,,,,,,,No data,,,,Not available.
5341596,25187410,GHED_GGHE-D_pc_US_SHA2011,HUN,2016.0,,,,,,,619.01,619.01,619.01,619.01,
2375245,6551364,GHE_YLDNUM,WBINC_LMINC,2012.0,SEX,MLE,AGEGROUP,YEARS50-69,GHECAUSES,GHE105,656977.0,656977.0,656977.0,656977.0,
2180223,6188716,GHE_DALYNUM,REG7_AHIGH,2012.0,SEX,FMLE,AGEGROUP,AGEAll,GHECAUSES,GHE153,2199773.0,2199773.0,2199773.0,2199773.0,
3422385,9443111,MORT_200,WBDCP_EURCASIA,2004.0,AGEGROUP,YEARS0-4,CHILDCAUSE,CH9,,,6.3,6.2709,6.3,6.3,
4806336,24373169,TB_c_mdr_tsr,NOR,2014.0,,,,,,,90.0,90.0,90.0,90.0,
44876,807591,BP_05,BLR,1997.0,SEX,MLE,AGEGROUP,AGE25-PLUS,,,136.5 [129.0-143.9],136.5,129.0,143.9,
3348850,8166179,WHS2_131,SOM,2012.0,SEX,MLE,GHECAUSES,GHE096,,,2.2,2.15539,2.2,2.2,
629787,16865183,NCD_BMI_MINUS2C,NIC,2001.0,SEX,MLE,AGEGROUP,YEARS05-19,,,2.8 [0.5-7.6],2.8,0.5,7.6,
5754993,20559318,NTD_LEPR7,ARE,2012.0,,,,,,,No data,,,,
318838,16230412,NCD_BMI_25A,USA,1978.0,SEX,BTSX,,,,,42.8 [38.8-46.7],42.8,38.8,46.7,
3913579,18188320,SDGPOISON,CHL,2005.0,SEX,MLE,,,,,0.3,0.33091,0.3,0.3,
4080201,20106401,MORT_200,ALB,2010.0,AGEGROUP,MONTHS1-59,CHILDCAUSE,CH6,,,0.0,0.0,0.0,0.0,
1353283,24274591,MDG_0000000001,IRN,2007.0,SEX,FMLE,,,,,18.7,18.70347,16.63249,20.91102,
1320718,24242026,CM_02,PHL,1969.0,SEX,BTSX,,,,,75820,75820.0,70237.0,81670.0,
913150,22761822,NCD_GLUC_01,KOR,2013.0,SEX,FMLE,,,,,5.22 [4.82-5.63],5.22284,4.8153,5.63117,
361816,16359070,NCD_BMI_MEANC,SLE,1990.0,SEX,BTSX,AGEGROUP,YEARS05-09,,,14.9 [13.2-16.5],14.86705,13.19694,16.50699,
1894842,2918258,MORT_700,WBINC_UMINC,2015.0,SEX,MLE,AGEGROUP,YEARS70+,GHECAUSES,GHE156,9.0,9.38912,9.0,9.0,
3004265,7222330,GHE_YLLRATE,REG7_AMR,2012.0,SEX,FMLE,AGEGROUP,YEARS50-69,GHECAUSES,GHE142,0.1,0.05456,0.1,0.1,
3203243,7522671,GBD_DALYRTAGE,ERI,2012.0,GHECAUSES,GHE151,,,,,5422.0,5422.42285,5422.0,5422.0,
2876092,7091638,GHE_YLLRATE,MDG_DEV,2000.0,SEX,FMLE,AGEGROUP,YEARS15-29,GHECAUSES,GHE116,81.0,81.01772,81.0,81.0,
2238198,6259882,GHE_DALYNUM,WBINC_LMINC,2012.0,SEX,FMLE,AGEGROUP,YEARS05-14,GHECAUSES,GHE061,651080.0,651080.0,651080.0,651080.0,
5113550,24850390,LIFE_0000000031,LVA,2019.0,SEX,MLE,AGEGROUP,AGE70-74,,,57746.17963,57746.17963,57746.17963,57746.17963,
2884170,7099718,GHE_YLLRATE,MDG_LAC,2000.0,SEX,BTSX,AGEGROUP,AGEAll,GHECAUSES,GHE138,0.7,0.65279,0.7,0.7,
6174489,24043022,anc45,GUY,2006.0,WEALTHDECILE,WEALTHDECILE02,,,,,No data,,,,Not available.
839728,19748356,WSH_20,CIV,2016.0,AGEGROUP,YEARSALL,,,,,0.66 [0.50-0.80],0.66,0.5,0.8,
3661375,12359472,MORT_500,WBINC_UMINC,2012.0,SEX,FMLE,AGEGROUP,YEARS15-29,GHECAUSES,GHE124,307.0,307.0,307.0,307.0,
1536293,213486,NTD_3,GNQ,1989.0,,,,,,,0.0,0.0,0.0,0.0,
1757516,2780932,MORT_600,REG6_EMR,2015.0,SEX,FMLE,AGEGROUP,YEARS0-4,GHECAUSES,GHE001,327126.0,327126.0,327126.0,327126.0,
4225700,20251900,MORT_100,GMB,2013.0,AGEGROUP,DAYS0-27,CHILDCAUSE,CH2,,,1.0,0.72,1.0,1.0,
2715092,6929249,GHE_YLLNUM,MDG_NAF,2000.0,SEX,MLE,AGEGROUP,MONTHS1-59,GHECAUSES,GHE151,253890.0,253890.0,253890.0,253890.0,
3209468,7528896,GHE_YLDNUM,MDG_SOA,2012.0,SEX,BTSX,AGEGROUP,AGEAll,GHECAUSES,GHE153,3594644.0,3594644.0,3594644.0,3594644.0,
4313210,20339410,MORT_100,LVA,2005.0,AGEGROUP,MONTHS1-59,CHILDCAUSE,CH10,,,3.0,3.16996,3.0,3.0,
99691,15491516,BP_03,DNK,2007.0,SEX,FMLE,AGEGROUP,YEARS18-PLUS,,,25.8 [20.6-31.2],25.8,20.6,31.2,
3463032,10254040,IHR09,GEO,2011.0,,,,,,,75.0,75.0,75.0,75.0,
4913580,24603780,IHRSPAR_CAPACITY07,FRA,2018.0,IHRSPARCAPACITYLEVEL,IHRSPARCAPLEVEL07_LEVEL_C7,,,,,80.0,80.0,80.0,80.0,
5607665,15986450,RSUD_570,CHE,2014.0,GROUP,PATIENT_ORGANIZATIONS,,,,,No data,,,,
2754029,6968186,GHE_YLLNUM,WBINC_LOINC,2012.0,SEX,FMLE,AGEGROUP,DAYS0-27,GHECAUSES,GHE062,0.0,0.0,0.0,0.0,
5669736,18122481,GOE_Q015,URY,2015.0,GOEQUESTION,GOEQUESTION004,,,,,No funding,,,,
2654053,6865049,GHE_YLDRATE,REG7_SEAR,2012.0,SEX,FMLE,AGEGROUP,YEARS30-49,GHECAUSES,GHE099,645.3,645.31,645.3,645.3,
3113976,7430864,GHE_DALYRATE,WBDCP_EAP,2012.0,SEX,FMLE,AGEGROUP,YEARS70+,GHECAUSES,GHE059,26.4,26.4,26.4,26.4,
2371160,6545509,GHE_YLDNUM,WBDCP_EAP,2012.0,SEX,MLE,AGEGROUP,YEARS70+,GHECAUSES,GHE134,1219746.0,1219746.0,1219746.0,1219746.0,
2339846,6508031,GHE_YLDNUM,MDG_WAS,2000.0,SEX,MLE,AGEGROUP,DAYS0-27,GHECAUSES,GHE114,0.0,0.0,0.0,0.0,
2510869,6700758,GHE_YLDNUM,MDG_WAS,2012.0,SEX,FMLE,AGEGROUP,YEARS70+,GHECAUSES,GHE163,5.0,5.0,5.0,5.0,
2539509,6733220,GHE_YLDRATE,MDG_OCE,2000.0,SEX,MLE,AGEGROUP,YEARS05-14,GHECAUSES,GHE036,659.8,659.78998,659.8,659.8,
3274286,8089669,WHS2_131,CHL,2012.0,SEX,FMLE,GHECAUSES,GHE076,,,4.4,4.40762,4.4,4.4,
2930972,7147077,GHE_YLLRATE,WBINC_UMINC,2000.0,SEX,BTSX,AGEGROUP,AGEAll,GHECAUSES,GHE097,93.0,93.0386,93.0,93.0,
3959056,18242031,SA_0000001400_ARCHIVED,ZWE,2003.0,ALCOHOLTYPE,SA_WINE,,,,,0.24,0.24,0.24,0.24,
4634548,22122359,HWF_0021,PRT,2012.0,,,,,,,1447.0,1447.0,1447.0,1447.0,"Includes Practising physiotherapists. Data source: WHO/Europe, Hlth-Res-DB, November 2019"
3726649,13032941,MORT_300,MDG_CCA,2015.0,SEX,BTSX,AGEGROUP,MONTHS1-59,CHILDCAUSE,CH10,3.2,3.15097,3.2,3.2,
2012253,5802119,MORT_400,MDG_NAF,2000.0,SEX,MLE,AGEGROUP,YEARS70+,GHECAUSES,GHE017,25.6,25.61972,25.6,25.6,
3472932,11285622,P2_compliance,DNK,2014.0,,,,,,,7.0,7.0,7.0,7.0,
3818143,15584079,LIFE_0000000033,RWA,2012.0,SEX,BTSX,AGEGROUP,AGE35-39,,,419136.9,419136.9,419136.9,419136.9,
5705036,19796396,SA_0000001536,UKR,2016.0,ALCOHOLTYPE,SA_BEER,,,,,No,,,,
5412252,301003,TOBACCO_0000000392,NIU,2008.0,,,,,,,...,,,,
2742197,6956354,GHE_YLLNUM,MDG_WAS,2000.0,SEX,FMLE,AGEGROUP,YEARS50-69,GHECAUSES,GHE080,30199.0,30199.0,30199.0,30199.0,
3821177,15658797,IR_CARBAMATE_EXTENT,ZMB,2015.0,,,,,,,67.0,67.0,67.0,67.0,
293927,16205501,NCD_BMI_25A,EMR,2015.0,SEX,BTSX,,,,,48.4 [46.4-50.5],48.4,46.4,50.5,
1714913,2738329,MORT_600,WBINC_LMINC,2015.0,SEX,MLE,AGEGROUP,YEARS0-4,GHECAUSES,GHE041,403.0,403.0,403.0,403.0,
4205314,20231514,MORT_300,FIN,2013.0,AGEGROUP,YEARS0-4,CHILDCAUSE,CH5,,,0.0,0.0,0.0,0.0,
5611220,15990005,RSUD_590,TUN,2014.0,RSUDSPECIFICPOPULATION,CHILDREN_AND_ADOLESCENTS,,,,,No data,,,,
1322392,24243700,CM_02,RWA,1961.0,SEX,BTSX,,,,,19043,19043.0,17233.0,21276.0,
3564074,12256167,MORT_500,WBDCP_EAP,2000.0,SEX,FMLE,AGEGROUP,YEARS60-69,GHECAUSES,GHE151,41439.0,41439.0,41439.0,41439.0,
4435850,20462050,MORT_100,SSD,2006.0,AGEGROUP,DAYS0-27,CHILDCAUSE,CH16,,,4.0,3.51401,4.0,4.0,
4002607,19190625,SA_0000001400,TUN,1974.0,ALCOHOLTYPE,SA_BEER,,,,,0.58,0.58,0.58,0.58,
713743,17667273,poliov,MOZ,2003.0,RESIDENCEAREATYPE,RUR,,,,,63.7 [59.5-67.8],63.73523,59.50672,67.7614,
1544723,266870,MALARIA_15049,CRI,2004.0,,,,,,,1289.0,1289.0,1289.0,1289.0,
3777978,14530650,WHS7_134,TUR,2014.0,,,,,,,69.98,69.98446,69.98,69.98,
2790873,7005455,GHE_YLLNUM,WBDCP_SASIA,2000.0,SEX,MLE,AGEGROUP,YEARS30-49,GHECAUSES,GHE037,496608.0,496608.0,496608.0,496608.0,
4540400,21142126,WSH_WATER_BASIC,AND,2013.0,RESIDENCEAREATYPE,TOTL,,,,,100.0,100.0,100.0,100.0,
5403536,23715530,cci,NGADHS201301,2013.0,,,,,,,41.3 [0.0-0.0],0.0,0.0,41.3,
669476,17026466,NCD_GLUC_03,DZA,2005.0,SEX,MLE,AGEGROUP,YEARS18-PLUS,,,7.3 [5.2-9.9],7.3,5.2,9.9,
499747,16579407,NCD_BMI_PLUS2C,WB_LMI,1993.0,SEX,MLE,AGEGROUP,YEARS05-19,,,0.7 [0.4-1.0],0.7,0.4,1.0,
1085618,23842563,overwgt5,COG,2005.0,WEALTHQUINTILE,WQ3,,,,,10.3 [7.2-14.7],10.33053,7.16395,14.67553,
790066,19192314,SDGPM25,ZWE,2016.0,RESIDENCEAREATYPE,TOTL,,,,,19.4 [10.4-35.2],19.35353,10.37638,35.19682,
5764153,22129450,NCD_CCS_AlcPlan,GAB,2019.0,,,,,,,No,,,,
1690037,2713453,MORT_600,MDG_SEA,2015.0,SEX,FMLE,AGEGROUP,YEARS70+,GHECAUSES,GHE132,189.0,189.0,189.0,189.0,
72829,15464081,BP_04,CUB,2001.0,SEX,MLE,AGEGROUP,YEARS18-PLUS,,,26.8 [19.5-34.4],26.8,19.5,34.4,
1925752,2949168,MORT_700,REG6_AFR,2015.0,SEX,FMLE,AGEGROUP,YEARS30-49,GHECAUSES,GHE086,0.0,0.22084,0.0,0.0,
2477461,6666437,GHE_YLDNUM,REG6_EMR,2012.0,SEX,MLE,AGEGROUP,YEARS50-69,GHECAUSES,GHE064,798.0,798.0,798.0,798.0,
1365621,24286929,MDG_0000000001,SEN,1980.0,SEX,BTSX,,,,,94.9,94.93184,91.14361,98.88902,
5748703,19996494,SA_0000001546_ARCHIVED,ARE,2012.0,ALCOHOLTYPE,SA_BEER,,,,,,,,,missing data
5923360,22691644,Adult_curr_tob_smoking,GNQ,2018.0,SEX,MLE,,,,,Data not available,,,,
880202,22190980,NUTSTUNTINGNUM,UNSDG_LAC,1990.0,,,,,,,12.8 [10.5-15.1],12.8,10.5,15.1,
915032,22763704,NCD_GLUC_01,RUS,1986.0,SEX,FMLE,,,,,5.13 [4.11-6.16],5.13272,4.11302,6.16098,
1949770,2973186,MORT_700,REG7_AFR,2030.0,SEX,MLE,AGEGROUP,YEARS70+,GHECAUSES,GHE049,0.0,0.0,0.0,0.0,
2536146,6729258,GHE_YLDRATE,MDG_NAF,2000.0,SEX,MLE,AGEGROUP,YEARS70+,GHECAUSES,GHE024,0.0,0.0,0.0,0.0,
2458450,6646418,GHE_YLDNUM,REG7_WPR,2012.0,SEX,MLE,AGEGROUP,YEARS60-69,GHECAUSES,GHE027,3080.0,3080.0,3080.0,3080.0,
1303344,24224652,CM_02,COK,1962.0,SEX,MLE,,,,,34,34.0,29.0,39.0,
2509798,6699673,GHE_YLDNUM,MDG_DEV,2012.0,SEX,MLE,AGEGROUP,MONTHS1-59,GHECAUSES,GHE057,7.0,7.0,7.0,7.0,
1486264,25091376,PHE_HHAIR_PROP_POP_POLLUTING_FUELS,RUS,2013.0,RESIDENCEAREATYPE,URB,,,,,3.5,3.5,0.0,32.5,
622505,16857901,NCD_BMI_MINUS2C,RUS,1985.0,SEX,FMLE,AGEGROUP,YEARS10-19,,,3.8 [1.7-7.1],3.8,1.7,7.1,
4300256,20326456,MORT_100,LBY,2010.0,AGEGROUP,DAYS0-27,CHILDCAUSE,CH13,,,91.0,90.90469,91.0,91.0,
4759806,23168138,WHS8_110,JPN,2014.0,,,,,,,98.0,98.0,98.0,98.0,
2584704,6785051,GHE_YLDRATE,WBDCP_EURCASIA,2012.0,SEX,FMLE,AGEGROUP,AGEAll,GHECAUSES,GHE049,1153.9,1153.87,1153.9,1153.9,
1617269,2249211,TB_ret_taf,UZB,2007.0,,,,,,,384.0,384.0,384.0,384.0,
4428235,20454435,MORT_300,SMR,2000.0,AGEGROUP,YEARS0-4,CHILDCAUSE,CH8,,,0.0,0.0,0.0,0.0,
2987933,7205667,GHE_YLLRATE,REG6_SEAR,2000.0,SEX,FMLE,AGEGROUP,YEARS50-69,GHECAUSES,GHE069,20.3,20.33681,20.3,20.3,
4230487,20256687,MORT_300,GNQ,2014.0,AGEGROUP,YEARS0-4,CHILDCAUSE,CH17,,,0.0,0.03676,0.0,0.0,
2409672,6592753,GHE_YLDNUM,REG6_EUR,2012.0,SEX,MLE,AGEGROUP,YEARS70+,GHECAUSES,GHE135,52819.0,52819.0,52819.0,52819.0,
4889884,24579300,WHS3_55,CHE,2011.0,,,,,,,0.0,0.0,0.0,0.0,
5532073,11657619,R_excise_incr,TLS,2012.0,,,,,,,No,,,,
1565798,945242,SA_0000001456,GEO,2001.0,SEX,FMLE,,,,,0.17,0.17,0.17,0.17,
1385152,24306460,MDG_0000000007,GRD,1975.0,SEX,BTSX,,,,,47.5,47.54604,42.39551,53.18801,
5520099,11500564,P2_compliance,DOM,2010.0,,,,,,,Not available,,,,Data not reported/not available
5955699,23009224,W4_pc_back_B,COD,2016.0,,,,,,,Not applicable,,,,
5769336,22134686,NCD_CCS_rheumfollowup,SAU,2019.0,,,,,,,Not applicable,,,,
3666082,12364179,MORT_500,WBDCP_LAC,2012.0,SEX,FMLE,AGEGROUP,MONTHS1-59,GHECAUSES,GHE091,0.0,0.0,0.0,0.0,
5441404,1001717,RSUD_79,FJI,2008.0,PROGRAMME,NEEDLE_EXCH_PRGRMS_PRISONS,,,,,no,,,,
5837428,22504084,O_Bup_where,AUT,2012.0,,,,,,,In a pharmacy with a prescription,,,,
1743137,2766553,MORT_600,WBDCP_SASIA,2015.0,SEX,FMLE,AGEGROUP,YEARS70+,GHECAUSES,GHE101,44630.0,44630.0,44630.0,44630.0,
3283485,8099108,WHS2_131,DJI,2012.0,SEX,FMLE,GHECAUSES,GHE004,,,1.0,0.99364,1.0,1.0,
267501,16178067,NCD_BMI_MEAN,TGO,2007.0,SEX,MLE,AGEGROUP,YEARS18-PLUS,,,22.1 [21.3-22.9],22.1,21.3,22.9,
1353315,24274623,MDG_0000000001,IRN,1990.0,SEX,MLE,,,,,44.9,44.88123,41.69459,48.48143,
3380248,9128781,MORT_100,SWZ,2008.0,AGEGROUP,DAYS0-27,CHILDCAUSE,CH16,,,0.0,0.19768,0.0,0.0,
5336840,25182654,GHED_GGHE-D_pc_PPP_SHA2011,BGD,2017.0,,,,,,,16.23,16.23,16.23,16.23,
1983647,5591834,MORT_500,WBDCP_SSA,2000.0,SEX,FMLE,AGEGROUP,AGEAll,GHECAUSES,GHE030,730.0,730.0,730.0,730.0,
66424,11767024,TB_e_prev_num,ECU,2002.0,,,,,,, 18 000 [ 9 100- 29 000],18000.0,9100.0,29000.0,
936594,22955779,M_Est_cig_curr,KWT,2014.0,SEX,MLE,,,,,30.2 [18.6-42.1],30.2,18.6,42.1,
1839708,2863124,MORT_700,MDG_CCA,2030.0,SEX,MLE,AGEGROUP,YEARS50-69,GHECAUSES,GHE061,330.0,330.08234,330.0,330.0,
1729245,2752661,MORT_600,WBDCP_EURCASIA,2030.0,SEX,FMLE,AGEGROUP,YEARS05-14,GHECAUSES,GHE006,0.0,0.0,0.0,0.0,
2336656,6504841,GHE_YLDNUM,MDG_SEA,2000.0,SEX,MLE,AGEGROUP,DAYS0-27,GHECAUSES,GHE035,0.0,0.0,0.0,0.0,
5501159,11093275,IR_CARBAMATE_EXTENT,LAO,2010.0,,,,,,,Not tested/reported,,,,
2708122,6922070,GHE_YLLNUM,MDG_EAS,2012.0,SEX,MLE,AGEGROUP,YEARS30-49,GHECAUSES,GHE082,169993.0,169993.0,169993.0,169993.0,
3515379,12204628,MORT_500,WBINC_UMINC,2000.0,SEX,MLE,AGEGROUP,YEARS15-29,GHECAUSES,GHE120,3118.0,3118.0,3118.0,3118.0,
1116670,23896301,bfearly,TGO,2006.0,WEALTHQUINTILE,WQ1,,,,,28.8 [24.3-33.8],28.8039,24.31282,33.75459,
3965904,19135742,WHOSIS_000004,DJI,2005.0,SEX,BTSX,,,,,314.0,314.1174,314.0,314.0,
786694,17919963,ebreast,LSODHS200906,2009.0,,,,,,,44.3 [37.9-50.9],44.31659,37.89809,50.93062,
2767358,6981728,GHE_YLLNUM,WBDCP_EAP,2000.0,SEX,FMLE,AGEGROUP,YEARS60-69,GHECAUSES,GHE010,1680.0,1680.0,1680.0,1680.0,
3831705,17934747,MORT_300,WBINC_LOINC,2013.0,SEX,BTSX,AGEGROUP,MONTHS1-59,CHILDCAUSE,CH13,13.9,13.87844,13.9,13.9,
3684793,12384154,MORT_500,REG7_SEAR,2012.0,SEX,FMLE,AGEGROUP,YEARS70PLUS,GHECAUSES,GHE158,45.0,45.0,45.0,45.0,
2276772,6306798,GHE_DALYNUM,REG6_AMR,2000.0,SEX,MLE,AGEGROUP,YEARS15-29,GHECAUSES,GHE051,86771.0,86771.0,86771.0,86771.0,
1355048,24276356,MDG_0000000001,KEN,1982.0,SEX,FMLE,,,,,61.5,61.54512,57.83906,65.49564,
491867,16544435,NCD_BMI_PLUS1C,LVA,2009.0,SEX,MLE,AGEGROUP,YEARS10-19,,,18.3 [11.0-26.9],18.3,11.0,26.9,
456109,16508677,NCD_BMI_PLUS1C,ATG,1993.0,SEX,FMLE,AGEGROUP,YEARS05-09,,,13.8 [6.7-23.9],13.8,6.7,23.9,
1157973,23965992,uwgt5,MOZ,2015.0,SEX,FMLE,,,,,14.6 [13.3-16.1],14.6347,13.31942,16.05581,
1598470,992247,SA_0000001434,STP,2004.0,SEX,FMLE,,,,,103.0,103.0,103.0,103.0,
793159,19249591,SDGAIRBODA,IDN,2016.0,SEX,MLE,ENVCAUSE,ENVCAUSE068,,,9[ 6–13],9.31487,5.81203,12.97246,
3709779,13015722,MORT_300,WBDCP_EURCASIA,2000.0,SEX,BTSX,AGEGROUP,YEARS0-4,CHILDCAUSE,CH16,9.9,9.90379,9.9,9.9,
4801713,24368087,TB_c_dst_rlt_new_pct,BIH,2005.0,,,,,,,100.0,100.0,100.0,100.0,
2443886,6630703,GHE_YLDNUM,REG6_SEAR,2012.0,SEX,FMLE,AGEGROUP,YEARS50-69,GHECAUSES,GHE089,7708.0,7708.0,7708.0,7708.0,
4584190,21431306,WHS3_49,PNG,2016.0,,,,,,,0.0,0.0,0.0,0.0,
4039615,19924509,SA_0000001518,UZB,2016.0,ALCOHOLTYPE,SA_SPIRITS,,,,,20.0,20.0,20.0,20.0,
3750146,13142022,WHOSIS_000008,USA,1975.0,SEX,BTSX,,,,,2.0,2.0,2.0,2.0,
997231,23625127,vfull,CIVMICS201607,2016.0,,,,,,,30.2 [21.9-40.0],30.0,22.0,40.0,
1117419,23897859,uwgt5,TUN,2018.0,WEALTHQUINTILE,WQ4,,,,,1.6 [0.9-2.9],1.62206,0.8943,2.92457,
139794,16029075,NCD_BMI_30A,EUR,1980.0,SEX,BTSX,,,,,11.2 [9.8-12.9],11.2,9.8,12.9,
432370,16484938,NCD_BMI_PLUS1C,BGD,1984.0,SEX,BTSX,AGEGROUP,YEARS05-09,,,0.8 [0.3-1.7],0.8,0.3,1.7,
418841,16416095,NCD_BMI_MEANC,TON,1979.0,SEX,MLE,AGEGROUP,YEARS10-19,,,21.5 [19.7-23.1],21.49379,19.7341,23.08321,
3805449,14794874,WHS9_96,MLI,1970.0,,,,,,,14.3,14.33,14.3,14.3,
3020870,7239156,GHE_YLLRATE,REG7_SEAR,2000.0,SEX,FMLE,AGEGROUP,YEARS70+,GHECAUSES,GHE062,448.6,448.6181,448.6,448.6,
5577598,15851249,RSUD_690,URY,2014.0,RSUDTREATMENTLOCATION,IN_OTHER_MAJOR_CITIES,,,,,No,,,,
3301189,8117292,WHS2_131,HUN,2012.0,SEX,BTSX,GHECAUSES,GHE159,,,5.3,5.3,5.3,5.3,
2766632,6981002,GHE_YLLNUM,WBDCP_EAP,2000.0,SEX,FMLE,AGEGROUP,MONTHS1-59,GHECAUSES,GHE080,14339.0,14339.0,14339.0,14339.0,
3144330,7461218,GHE_DALYRATE,REG6_AFR,2000.0,SEX,FMLE,AGEGROUP,YEARS30-49,GHECAUSES,GHE077,78.8,78.8,78.8,78.8,
5463182,6244484,GHE_DALYNUM,MDG_WAS,2012.0,SEX,FMLE,AGEGROUP,DAYS0-27,GHECAUSES,GHE147, -   ,0.0,0.0,,
1945873,2969289,MORT_700,REG6_WPR,2030.0,SEX,MLE,AGEGROUP,YEARS50-69,GHECAUSES,GHE137,0.0,0.00426,0.0,0.0,
612142,16847538,NCD_BMI_MINUS2C,JPN,1996.0,SEX,FMLE,AGEGROUP,YEARS05-09,,,1.2 [0.8-1.6],1.2,0.8,1.6,
4824008,24406031,TB_hivtest_pct,ECU,2009.0,,,,,,,47.0,47.0,47.0,47.0,
5674644,18127463,GOE_Q133,COL,2015.0,GOEQUESTION,GOEQUESTION014,,,,,Slightly important barrier,,,,
5461835,6236977,GHE_DALYNUM,MDG_SSA,2000.0,SEX,FMLE,AGEGROUP,MONTHS1-59,GHECAUSES,GHE066, -   ,0.0,0.0,,
2462097,6650328,GHE_YLDNUM,WBINC_HIINC,2000.0,SEX,MLE,AGEGROUP,YEARS05-14,GHECAUSES,GHE085,2420.0,2420.0,2420.0,2420.0,
4731091,23061640,WHS6_102,KGZ,2000.0,,,,,,,70.4,70.408,70.4,70.4,"European Health for All database (WHO), 26 May 2020"
5515279,11494008,E17_csr_promo_others,SVK,2012.0,,,,,,,Not applicable,,,,Data not required/not applicable
703728,17060718,NCD_GLUC_03,TUR,1999.0,SEX,BTSX,AGEGROUP,YEARS18-PLUS,,,7.7 [6.2-9.3],7.7,6.2,9.3,
1083887,23839823,fps,CAF,2006.0,WEALTHQUINTILE,WQ3,,,,,41.7 [36.4-47.1],41.65271,36.40087,47.1011,
4618759,22102955,HWF_0006,LBN,2007.0,,,,,,,14.539,14.539,14.539,14.539,
456746,16509314,NCD_BMI_PLUS1C,BOL,2000.0,SEX,FMLE,AGEGROUP,YEARS05-09,,,22.5 [13.9-32.2],22.5,13.9,32.2,
6066512,23753376,vmsl,SLEMICS201703,2017.0,,,,,,,No data,,,,Not available.
5825614,22491460,NTCP_FTE,SLV,2007.0,,,,,,,Data not available,,,,
5541883,12048756,IR_ORGANOPHOSPHATE_PRESENCE,CMR,2014.0,,,,,,, Not tested/reported,,,,
5788264,22448973,E1_nat_tv_radio,NPL,2012.0,,,,,,,Yes,,,,
1783902,2807318,MORT_600,REG7_EUR,2015.0,SEX,MLE,AGEGROUP,YEARS70+,GHECAUSES,GHE041,3.0,3.0,3.0,3.0,
6155899,24008205,fps,CAF,2000.0,WEALTHDECILE,WEALTHDECILE05,,,,,No data,,,,Not available.
61962,11715207,MDG_0000000023,GTM,1998.0,,,,,,,128 [65-211],128.0,65.0,211.0,
3177866,7494754,GHE_DALYRATE,REG7_EMR,2000.0,SEX,FMLE,AGEGROUP,YEARS60-69,GHECAUSES,GHE117,4969.5,4969.5,4969.5,4969.5,
1881699,2905115,MORT_700,MDG_WAS,2030.0,SEX,FMLE,AGEGROUP,YEARS0-4,GHECAUSES,GHE035,0.0,0.0,0.0,0.0,
3562698,12254791,MORT_500,WBINC_UMINC,2000.0,SEX,FMLE,AGEGROUP,YEARS60-69,GHECAUSES,GHE033,13.0,13.0,13.0,13.0,
4893392,24582808,WHS3_62,BGR,1993.0,,,,,,,354.0,354.0,354.0,354.0,
2812625,7027418,GHE_YLLNUM,REG6_EMR,2000.0,SEX,FMLE,AGEGROUP,YEARS70+,GHECAUSES,GHE038,369714.0,369714.0,369714.0,369714.0,
4641051,22142516,HWF_0014,ISR,2016.0,,,,,,,7.563,7.563,7.563,7.563,"Includes Practising pharmacists. Data source: OECD Health Data, accessed November 2019"
3883045,18003250,HRH_20,ZMB,2005.0,,,,,,,559.0,559.0,559.0,559.0,"Includes Medical and pathology laboratory technicians, Medical imaging and therapeutic equipment operators</br> Data Source: PMEC December 2009 and January 2010"
2044094,5833960,MORT_400,WBINC_HIINC,2012.0,SEX,FMLE,AGEGROUP,YEARS60-69,GHECAUSES,GHE106,0.0,0.0,0.0,0.0,
54985,817700,BP_05,UKR,1996.0,SEX,FMLE,AGEGROUP,AGE25-PLUS,,,134.9 [127.7-142.1],134.9,127.7,142.1,
669336,17026162,BP_03,ZMB,2012.0,SEX,BTSX,AGEGROUP,YEARS18-PLUS,,,19.6 [15.2-24.4],19.6,15.2,24.4,
3775517,14528169,WHS7_134,CMR,1995.0,,,,,,,3.85,3.84556,3.85,3.85,
5465662,6262070,GHE_DALYNUM,WBINC_UMINC,2000.0,SEX,FMLE,AGEGROUP,DAYS0-27,GHECAUSES,GHE031, -   ,0.0,0.0,,
4657489,22221054,NUTRITION_HA_2,UGA,1995.0,,,,,,,45.7,45.7,45.7,45.7,"DHS. Uganda demographic and health survey 1995. Demographic and Health Surveys. Calverton, Maryland: Statistics Department and Macro International Inc., 1996 (and additional analysis)..Statistics Department [Uganda] and Macro International Inc.. Age-adjusted;"
581091,16816487,NCD_BMI_MINUS2C,MEX,1983.0,SEX,BTSX,AGEGROUP,YEARS05-19,,,3.1 [1.4-5.8],3.1,1.4,5.8,
661974,17018800,BP_03,AZE,1989.0,SEX,BTSX,AGEGROUP,YEARS18-PLUS,,,24.3 [18.7-30.8],24.3,18.7,30.8,
2049805,5839671,MORT_400,WBINC_LMINC,2000.0,SEX,MLE,AGEGROUP,YEARS30-49,GHECAUSES,GHE129,0.3,0.34964,0.3,0.3,
1316938,24238246,CM_02,MMR,2008.0,SEX,BTSX,,,,,59033,59033.0,53575.0,64901.0,
5155558,24892398,LIFE_0000000031,GUY,2000.0,SEX,BTSX,AGEGROUP,AGE65-69,,,56322.51703,56322.51703,56322.51703,56322.51703,
1442327,24400318,TB_e_mort_exc_tbhiv_num,BRA,2009.0,,,,,,,6000 [5500-6400],6000.0,5500.0,6400.0,
2273654,6303038,GHE_DALYNUM,REG6_AFR,2000.0,SEX,FMLE,AGEGROUP,YEARS15-29,GHECAUSES,GHE083,1533952.0,1533952.0,1533952.0,1533952.0,
3554829,12245658,MORT_500,MDG_SEA,2000.0,SEX,FMLE,AGEGROUP,YEARS30-49,GHECAUSES,GHE070,10212.0,10212.0,10212.0,10212.0,
4647676,22196769,SDGTOBACCO,JPN,2010.0,SEX,BTSX,,,,,26.4,26.4,26.4,26.4,"Estimate refers to smoking only, but expected to be similar to all tobacco use"
469308,16521876,NCD_BMI_PLUS1C,OMN,2004.0,SEX,FMLE,AGEGROUP,YEARS10-19,,,23.7 [17.0-31.0],23.7,17.0,31.0,
5978322,23035201,W19_colours_numbers_C,MEX,2010.0,,,,,,,Yes,,,,
2972649,7189842,GHE_YLLRATE,REG6_AMR,2000.0,SEX,MLE,AGEGROUP,YEARS05-14,GHECAUSES,GHE038,224.8,224.84531,224.8,224.8,
5514293,11455262,R_admin_tax_stamps,COD,,,,,,,,Yes,,,,
5140211,24877051,LIFE_0000000034,IRQ,2015.0,SEX,BTSX,AGEGROUP,AGELT1,,,7029304.486,7029304.486,7029304.486,7029304.486,
4214506,20240706,MORT_300,GAB,2014.0,AGEGROUP,DAYS0-27,CHILDCAUSE,CH5,,,0.0,0.00572,0.0,0.0,
4094419,20120619,MORT_300,AUS,2015.0,AGEGROUP,DAYS0-27,CHILDCAUSE,CH3,,,0.0,0.0,0.0,0.0,
3326327,8143081,WHS2_131,MOZ,2012.0,SEX,MLE,GHECAUSES,GHE025,,,4.9,4.92272,4.9,4.9,
579483,16814879,NCD_BMI_MINUS2C,GNB,2013.0,SEX,BTSX,AGEGROUP,YEARS05-19,,,7.6 [3.4-13.4],7.6,3.4,13.4,
2993709,7211444,GHE_YLLRATE,REG6_WPR,2012.0,SEX,MLE,AGEGROUP,YEARS15-29,GHECAUSES,GHE158,8.0,8.04129,8.0,8.0,
4029452,19751741,AIR_45,VUT,2016.0,SEX,FMLE,ENVCAUSE,ENVCAUSE039,,,165.0,164.92498,165.0,165.0,
1903415,2926831,MORT_700,WBDCP_EURCASIA,2015.0,SEX,FMLE,AGEGROUP,YEARS70+,GHECAUSES,GHE129,2.0,1.83999,2.0,2.0,
3350975,8168359,WHS2_131,SUR,2012.0,SEX,FMLE,GHECAUSES,GHE146,,,5.1,5.09699,5.1,5.1,
2680941,6894227,GHE_YLLNUM,WBDCP_SASIA,2000.0,SEX,MLE,AGEGROUP,AGEAll,GHECAUSES,GHE041,55717.0,55717.0,55717.0,55717.0,
1471875,25075191,PHE_HHAIR_POP_POLLUTING_FUELS,MUS,2002.0,RESIDENCEAREATYPE,TOTL,,,,,0.1,0.066,0.013,0.194,
4728071,23058153,WHS4_106,MWI,2010.0,WEALTHQUINTILE,WQ4,,,,,71.5,71.5,71.5,71.5,DHS 2010
205669,16096168,NCD_BMI_18A,MUS,1999.0,SEX,FMLE,,,,,8.9 [5.1-13.6],8.9,5.1,13.6,
2085589,5876365,MORT_400,WBDCP_SASIA,2012.0,SEX,FMLE,AGEGROUP,YEARS50-59,GHECAUSES,GHE003,30.8,30.75568,30.8,30.8,
1201296,24054800,vbcg,JOR,2017.0,WEALTHDECILE,WEALTHDECILE01,,,,,88.3 [81.0-93.1],88.31581,81.01004,93.05199,
2514083,6704072,GHE_YLDNUM,WBDCP_LAC,2000.0,SEX,MLE,AGEGROUP,YEARS05-14,GHECAUSES,GHE032,1.0,1.0,1.0,1.0,
6224725,24148787,nmr,CAF,2010.0,RESIDENCEAREATYPE,URB,,,,,No data,,,,Not available.
5078903,24815743,LIFE_0000000029,MNG,2005.0,SEX,BTSX,AGEGROUP,AGE20-24,,,0.001629351,0.00163,0.001629351,0.001629351,
3863866,17979784,MORT_200,SDG_CENSOUASIA,2014.0,AGEGROUP,YEARS0-4,CHILDCAUSE,CH2,,,0.1,0.14694,0.1,0.1,
52983,815698,BP_05,MEX,2004.0,SEX,FMLE,AGEGROUP,AGE25-PLUS,,,121.1 [117.6-124.6],121.1,117.6,124.6,
4741610,23125478,WHS4_543,WPR,2014.0,,,,,,,96.0,96.0,96.0,96.0,
5679768,18217205,SA_0000001400_ARCHIVED,SMR,2004.0,ALCOHOLTYPE,SA_BEER,,,,,No data,,,,
1678817,2702233,MORT_600,MDG_LAC,2030.0,SEX,MLE,AGEGROUP,YEARS0-4,GHECAUSES,GHE151,6101.0,6101.0,6101.0,6101.0,
4334670,20360870,MORT_200,MLI,2013.0,AGEGROUP,YEARS0-4,CHILDCAUSE,CH15,,,4.4,4.40122,4.4,4.4,
2286818,6318972,GHE_DALYNUM,REG6_EUR,2012.0,SEX,MLE,AGEGROUP,DAYS0-27,GHECAUSES,GHE059,28.0,28.0,28.0,28.0,
1139798,23937310,cpmt,NPL,2006.0,EDUCATIONLEVEL,NHLM,,,,,49.3 [44.4-54.2],49.27537,44.39659,54.16799,
6029398,23612553,ors,CAFMICS200603,2006.0,,,,,,,No data,,,,Not available.
5994060,23051347,W3_pc_front_C,PLW,2014.0,,,,,,,Not applicable,,,,
6092392,23837266,bmi30wm,CPV,1998.0,WEALTHQUINTILE,WQ1,,,,,No data,,,,Not available.
3340178,8157290,WHS2_131,PRT,2012.0,SEX,BTSX,GHECAUSES,GHE155,,,2.0,1.9738,2.0,2.0,
4710030,22619040,W2_pc_front_back_A,ECU,2016.0,,,,,,,60.0,60.0,60.0,60.0,
5406889,77775,MEDS5030200,AZE,2007.0,,,,,,,Yes,0.0,0.0,,
5058795,24795635,LIFE_0000000029,NER,2010.0,SEX,MLE,AGEGROUP,AGE85PLUS,,,0.211343977,0.21134,0.211343977,0.211343977,
1096020,23861140,uwgt5,IRQ,2000.0,WEALTHQUINTILE,WQ5,,,,,12.7 [10.5-15.4],12.72504,10.49067,15.35365,
6102956,23870426,fpsmowho,MLI,1995.0,WEALTHQUINTILE,WQ1,,,,,No data,,,,Not available.
1220016,24091906,vmsl,PAN,2013.0,WEALTHDECILE,WEALTHDECILE06,,,,,69.6 [53.0-82.3],69.64052,53.01183,82.34438,
3948791,18231500,SA_0000001400_ARCHIVED,VEN,2008.0,ALCOHOLTYPE,SA_SPIRITS,,,,,1.7,1.7,1.7,1.7,
1836514,2859930,MORT_700,MGHE_GLOBAL,2030.0,SEX,FMLE,AGEGROUP,YEARS15-29,GHECAUSES,GHE124,0.0,0.21219,0.0,0.0,
1377646,24298954,MDG_0000000007,BTN,1982.0,SEX,FMLE,,,,,173.3,173.26679,148.52581,203.41734,
